#file;speaker;filename;target_word;place;type;position_wd;tot_dur_01;total_dur;gl_burst;following_v;duration_v_01;duration_v;glottalization;vot_01;vot
#i1;s08;geo020s08a0005v02;t>eva;cor;ejective;1;0.4618;132.48;-1;e;0.5629;136.94;-1;0.0370;6.63
#i2;s08;geo020s08a0006v01;t>eva;cor;ejective;1;0.4775;136.98;0;e;0.4603;111.97;0;0.3600;64.47
#i3;s08;geo020s08a0006v02;t>eva;cor;ejective;1;0.5958;170.92;-1;e;0.5747;139.82;-1;0.5279;94.54
#i4;s08;geo020s08a0007v01;k>aba;vel;plain;1;0.2691;77.19;-1;a;0.5055;122.97;-1;0.1594;28.54
#i5;s08;geo020s08a0007v02;pakt>i;lab;plain;1;0.5281;151.51;-1;a;0.5724;139.25;-1;0.3919;70.19
#i6;s08;geo020s08a0008v01;pakt>i;lab;plain;1;0.4247;121.85;-1;a;0.5434;132.19;-1;0.2341;41.92
#i7;s08;geo020s08a0008v02;pakt>i;lab;plain;1;0.5327;152.82;-1;a;0.5640;137.2;-1;0.3691;66.09
#i8;s08;geo020s08a0009v01;k>arada;vel;ejective;1;0.4161;119.37;-1;a;0.4906;119.35;-1;0.3476;62.24
#i9;s08;geo020s08a0011v01;pxek>a;vel;ejective;2;0.6821;195.69;-1;a;0.6000;145.97;0;0.8289;148.44
#i10;s08;geo020s08a0011v02;k>rit>ik>a;vel;ejective;2;0.5070;145.46;-1;a;0.6940;168.84;0;0.0519;9.29
#i11;s08;geo020s08a0012v01;k>rit>ik>a;cor;ejective;2;0.3528;101.2;-1;i;0.4260;103.64;0;0.2050;36.71
#i12;s08;geo020s08a0012v01;k>rit>ik>a;vel;ejective;2;0.4824;138.39;-1;a;0.4077;99.19;0;0.5539;99.19
#i13;s08;geo020s08a0012v02;k>rit>ik>a;cor;ejective;2;0.4462;128;-1;i;0.2826;68.75;0;0.2081;37.27
#i14;s08;geo020s08a0012v02;k>rit>ik>a;vel;ejective;2;0.7066;202.72;-1;a;0.5448;132.53;-1;0.0299;5.36
#i15;s08;geo020s08a0013v01;t>ekst>i;cor;ejective;1;0.4124;118.32;-1;e;0.3998;97.26;0;0.2373;42.5
#i16;s08;geo020s08a0015v02;t>ani;cor;ejective;1;0.5342;153.24;0;a;0.6654;161.89;-1;0.3818;68.37
#i17;s08;geo020s08a0016v01;t>ani;cor;ejective;1;0.5266;151.06;0;a;0.6035;146.82;0;0.3672;65.75
#i18;s08;geo020s08a0016v02;t>ani;cor;ejective;1;0.6162;176.77;0;a;0.5840;142.08;0;0.4347;77.84
#i19;s08;geo020s08a0019v01;k>ak>ali;vel;ejective;1;0.3477;99.74;-1;a;0.3789;92.19;0;0.2520;45.12
#i20;s08;geo020s08a0019v01;k>ak>ali;vel;ejective;2;0.4701;134.86;0;a;0.5269;128.18;0;0.3621;64.84
#i21;s08;geo020s08a0021v01;k>amera;vel;ejective;1;0.3758;107.82;0;a;0.5647;137.38;-1;0.3606;64.58
#i22;s08;geo020s08a0023v01;p>akt>i;lab;ejective;1;0.6632;190.27;0;a;0.5520;134.29;0;0.0445;7.97
#i23;s08;geo020s08a0023v02;post>amt>i;lab;plain;1;0.6081;174.45;-1;o;0.5529;134.51;-1;0.4291;76.84
#i24;s08;geo020s08a0024v01;post>amt>i;lab;plain;1;0.5237;150.23;-1;o;0.4995;121.52;-1;0.4005;71.73
#i25;s08;geo020s08a0024v02;post>amt>i;lab;plain;1;0.5440;156.06;-1;o;0.4915;119.56;0;0.4217;75.52
#i26;s08;geo020s08a0025v02;t>it>uli;cor;ejective;1;0.4105;117.77;0;i;0.4025;97.92;0;0.0302;5.4
#i27;s08;geo020s08a0025v02;t>it>uli;cor;ejective;2;0.4161;119.36;0;u;0.4645;113.01;-1;0.2322;41.58
#i28;s08;geo020s08a0026v01;t>it>uli;cor;ejective;1;0.3971;113.93;0;i;0.3690;89.76;-1;0.2086;37.36
#i29;s08;geo020s08a0026v01;t>it>uli;cor;ejective;2;0.3985;114.31;0;u;0.4190;101.94;-1;0.2278;40.79
#i30;s08;geo020s08a0026v02;t>it>uli;cor;ejective;1;0.4291;123.11;0;i;0.3884;94.5;-1;0.3056;54.73
#i31;s08;geo020s08a0026v02;t>it>uli;cor;ejective;2;0.4717;135.32;0;u;0.4446;108.17;-1;0.2466;44.16
#i32;s08;geo020s08a0027v01;k>enk>ra;vel;ejective;1;0.4340;124.51;0;e;0.5224;127.08;0;0.3042;54.47
#i33;s08;geo020s08a0029v02;p>ilot>i;lab;ejective;1;0.3782;108.49;0;i;0.3792;92.26;-1;0.1131;20.26
#i34;s08;geo020s08a0029v02;p>ilot>i;cor;ejective;2;0.3746;107.46;0;i;0.3490;84.91;-1;0.1858;33.28
#i35;s08;geo020s08a0030v01;p>ilot>i;lab;ejective;1;0.4638;133.05;0;i;0.3715;90.39;0;0.3058;54.77
#i36;s08;geo020s08a0030v01;p>ilot>i;cor;ejective;2;0.4963;142.37;-1;i;0.2749;66.87;-1;0.3874;69.37
#i37;s08;geo020s08a0030v02;p>ilot>i;lab;ejective;1;0.3727;106.91;0;i;0.3349;81.48;-1;0.1472;26.36
#i38;s08;geo020s08a0030v02;p>ilot>i;cor;ejective;2;0.4123;118.27;-1;i;0.4541;110.48;-1;0.2214;39.65
#i39;s08;geo020s08a0033v02;k>ak>abi;vel;ejective;1;0.4669;133.94;0;a;0.5837;142;0;0.4098;73.38
#i40;s08;geo020s08a0033v02;k>ak>abi;vel;ejective;2;0.5284;151.6;0;a;0.4875;118.59;-1;0.4931;88.3
#i41;s08;geo020s08a0034v01;k>ak>abi;vel;ejective;1;0.4354;124.91;-1;a;0.4153;101.03;0;0.3127;55.99
#i42;s08;geo020s08a0034v01;k>ak>abi;vel;ejective;2;0.3690;105.86;-1;a;0.2635;64.11;-1;0.2497;44.72
#i43;s08;geo020s08a0034v02;k>ak>abi;vel;ejective;1;0.3941;113.07;0;a;0.4966;120.82;0;0.2893;51.81
#i44;s08;geo020s08a0034v02;k>ak>abi;vel;ejective;2;0.3204;91.91;-1;a;0.4558;110.89;-1;0.1885;33.76
#i45;s08;geo020s08a0035v01;rat>avi;cor;ejective;2;0.5163;148.12;0;a;0.5211;126.78;0;0.3641;65.2
#i46;s08;geo020s08a0039v01;k>ak>ao;vel;ejective;1;0.3257;93.44;0;a;0.5281;128.48;-1;0.1581;28.31
#i47;s08;geo020s08a0039v01;k>ak>ao;vel;ejective;2;0.3678;105.51;0;a;0.5722;139.2;0;0.2591;46.4
#i48;s08;geo020s08a0041v02;t>erori;cor;ejective;1;0.4269;122.47;0;e;0.6552;159.4;-1;0.2965;53.1
#i49;s08;geo020s08a0042v01;t>erori;cor;ejective;1;0.4320;123.93;0;e;0.5649;137.43;0;0.2491;44.6
#i50;s08;geo020s08a0042v02;t>erori;cor;ejective;1;0.3798;108.96;0;e;0.5549;134.99;0;0.2591;46.4
#i51;s08;geo020s08a0045v01;q>lup>i;lab;ejective;2;0.7658;219.69;0;i;0.5689;138.4;0;0.0804;14.4
#i52;s08;geo020s08a0047v01;t>ank>i;cor;ejective;1;0.4456;127.82;0;a;0.3724;90.59;0;0.2948;52.8
#i53;s08;geo020s08a0047v02;t>ank>i;cor;ejective;1;0.4548;130.47;0;a;0.4756;115.7;-1;0.2982;53.4
#i54;s08;geo020s08a0048v01;t>emp>o;cor;ejective;1;0.6048;173.5;0;e;0.4693;114.18;0;0.3639;65.16
#i55;s08;geo020s08a0055v02;korts>ili;vel;plain;1;0.4934;141.56;-1;o;0.5725;139.28;-1;0.4628;82.88
#i56;s08;geo020s08a0056v01;korts>ili;vel;plain;1;0.5990;171.84;-1;o;0.5817;141.51;-1;0.5385;96.44
#i57;s08;geo020s08a0056v02;korts>ili;vel;plain;1;0.5379;154.32;-1;o;0.6001;145.99;-1;0.5628;100.78
#i58;s08;geo020s08a0057v01;p>api;lab;ejective;1;0.4731;135.73;-1;a;0.6117;148.81;-1;0.4446;79.62
#i59;s08;geo020s08a0057v01;p>api;lab;plain;2;0.7740;222.05;-1;i;0.4770;116.04;-1;0.6480;116.04
#i60;s08;geo020s08a0059v01;p>at>ara;lab;ejective;1;0.4500;129.1;0;a;0.5021;122.16;0;0.2605;46.65
#i61;s08;geo020s08a0059v01;p>at>ara;cor;ejective;2;0.3757;107.77;0;a;0.5915;143.9;-1;0.1830;32.77
#i62;s08;geo020s08a0059v02;k>vart>et>i;cor;ejective;2;0.5800;166.39;-1;i;0.5645;137.32;-1;0.2958;52.98
#i63;s08;geo020s08a0060v01;k>vart>et>i;cor;ejective;2;0.4993;143.24;-1;i;0.3533;85.95;0;0.4800;85.95
#i64;s08;geo020s08a0060v02;k>vart>et>i;cor;ejective;2;0.3430;98.39;-1;i;0.4536;110.36;-1;0.1252;22.42
#i65;s08;geo020s08a0061v02;t>abak>a;cor;ejective;1;0.4980;142.86;0;a;0.5582;135.79;0;0.4572;81.88
#i66;s08;geo020s08a0061v02;t>abak>a;vel;ejective;2;0.4595;131.82;-1;a;0.5122;124.62;0;0.3450;61.78
#i67;s08;geo020s08a0062v01;t>abak>a;cor;ejective;1;0.3721;106.76;0;a;0.4460;108.51;0;0.1754;31.41
#i68;s08;geo020s08a0062v01;t>abak>a;vel;ejective;2;0.5220;149.75;0;a;0.3932;95.65;0;0.5449;97.58
#i69;s08;geo020s08a0062v02;t>abak>a;cor;ejective;1;0.4324;124.06;0;a;0.4580;111.42;-1;0.3288;58.89
#i70;s08;geo020s08a0062v02;t>abak>a;vel;ejective;2;0.3484;99.96;-1;a;0.4136;100.63;-1;0.1876;33.6
#i71;s08;geo020s08a0063v01;p>iri;lab;ejective;1;0.4938;141.65;0;i;0.5917;143.94;-1;0.2399;42.97
#i72;s08;geo020s08a0063v02;p>ark>et>i;lab;ejective;1;0.4300;123.35;0;a;0.4979;121.13;0;0.2950;52.83
#i73;s08;geo020s08a0063v02;p>ark>et>i;cor;ejective;2;0.3613;103.65;-1;i;0.4361;106.09;-1;0.1321;23.66
#i74;s08;geo020s08a0064v01;p>ark>et>i;lab;ejective;1;0.4071;116.79;0;a;0.4729;115.05;0;0.2142;38.35
#i75;s08;geo020s08a0064v01;p>ark>et>i;cor;ejective;2;0.5139;147.43;-1;i;0.1811;44.05;0;0.4612;82.6
#i76;s08;geo020s08a0064v02;p>ark>et>i;lab;ejective;1;0.4497;129.01;0;a;0.4947;120.34;0;0.2672;47.85
#i77;s08;geo020s08a0064v02;p>ark>et>i;cor;ejective;2;0.3978;114.13;0;i;0.4453;108.33;-1;0.1741;31.17
#i78;s08;geo020s08a0065v01;k>at>a;vel;ejective;1;0.5047;144.8;0;a;0.4972;120.96;0;0.3993;71.51
#i79;s08;geo020s08a0065v01;k>at>a;cor;ejective;2;0.6982;200.3;0;a;0.4761;115.83;0;0.6468;115.83
#i80;s08;geo020s08a0067v01;k>ek>letsi;vel;ejective;1;0.4119;118.16;0;e;0.4437;107.95;-1;0.2910;52.12
#i81;s08;geo020s08a0067v02;p>ats>ia;lab;ejective;1;0.3988;114.41;0;a;0.4612;112.19;-1;0.1737;31.1
#i82;s08;geo020s08a0068v01;p>ats>ia;lab;ejective;1;0.4333;124.3;0;a;0.4595;111.78;0;0.2530;45.3
#i83;s08;geo020s08a0068v02;p>ats>ia;lab;ejective;1;0.3571;102.45;0;a;0.5072;123.39;-1;0.2100;37.61
#i84;s08;geo020s08a0069v02;p>ark>i;lab;ejective;1;0.5465;156.79;0;a;0.5825;141.7;-1;0.0424;7.6
#i85;s08;geo020s08a0070v01;p>ark>i;lab;ejective;1;0.4613;132.35;0;a;0.4945;120.3;0;0.2916;52.22
#i86;s08;geo020s08a0070v02;p>ark>i;lab;ejective;1;0.3765;108.02;0;a;0.4389;106.77;-1;0.1752;31.38
#i87;s08;geo020s08a0071v01;k>ep>va;vel;ejective;1;0.4610;132.24;0;e;0.4800;116.78;0;0.3172;56.8
#i88;s08;geo020s08a0073v01;post>a;lab;plain;1;0.6282;180.21;-1;o;0.5724;139.26;-1;0.4617;82.69
#i89;s08;geo020s08a0075v02;k>ap>ela;vel;ejective;1;0.4403;126.31;0;a;0.4455;108.39;0;0.3554;63.65
#i90;s08;geo020s08a0075v02;k>ap>ela;lab;ejective;2;0.5029;144.28;0;e;0.3676;89.42;0;0.3448;61.74
#i91;s08;geo020s08a0076v01;k>ap>ela;vel;ejective;1;0.3765;108.02;0;a;0.4372;106.35;-1;0.2043;36.58
#i92;s08;geo020s08a0076v02;k>ap>ela;vel;ejective;1;0.3021;86.66;0;a;0.4399;107.02;-1;0.2210;39.57
#i93;s08;geo020s08a0076v02;k>ap>ela;lab;ejective;2;0.3199;91.76;0;e;0.3721;90.53;-1;0.0942;16.87
#i94;s08;geo020s08a0077v02;k>akt>usi;vel;ejective;1;0.3338;95.76;0;a;0.4898;119.17;0;0.2561;45.87
#i95;s08;geo020s08a0078v01;k>akt>usi;vel;ejective;1;0.4087;117.26;0;a;0.4451;108.29;0;0.3103;55.57
#i96;s08;geo020s08a0078v02;k>akt>usi;vel;ejective;1;0.6480;185.91;0;a;0.4714;114.68;0;0.6521;116.77
#i97;s08;geo020s08a0079v02;Cap>it>o;lab;ejective;2;0.3997;114.68;0;i;0.3237;78.76;-1;0.1854;33.21
#i98;s08;geo020s08a0079v02;Cap>it>o;cor;ejective;2;0.3833;109.95;0;o;0.4963;120.73;-1;0.0792;14.19
#i99;s08;geo020s08a0080v01;Cap>it>o;lab;ejective;2;0.3646;104.61;-1;i;0.2211;53.8;-1;0.0797;14.28
#i100;s08;geo020s08a0080v01;Cap>it>o;cor;ejective;2;0.5195;149.03;-1;o;0.3237;78.76;0;0.4398;78.76
#i101;s08;geo020s08a0080v02;Cap>it>o;lab;ejective;2;0.3950;113.32;0;i;0.2803;68.19;-1;0.1408;25.21
#i102;s08;geo020s08a0080v02;Cap>it>o;cor;ejective;2;0.3554;101.97;0;o;0.3973;96.66;-1;0.1110;19.88
#i103;s08;geo020s08a0081v01;tok>i;cor;plain;1;0.6020;172.7;-1;o;0.6888;167.57;-1;0.5059;90.59
#i104;s08;geo020s08a0081v01;tok>i;vel;ejective;2;0.6477;185.82;-1;i;0.5231;127.26;0;0.7224;129.37
#i105;s08;geo020s08a0081v02;p>at>ent>i;lab;ejective;1;0.3485;99.97;0;a;0.4659;113.35;-1;0.2055;36.8
#i106;s08;geo020s08a0081v02;p>at>ent>i;cor;ejective;2;0.4838;138.8;0;e;0.4973;120.99;-1;0.3846;68.87
#i107;s08;geo020s08a0082v01;p>at>ent>i;lab;ejective;1;0.3857;110.65;0;a;0.4596;111.8;-1;0.2362;42.29
#i108;s08;geo020s08a0082v01;p>at>ent>i;cor;ejective;2;0.3829;109.85;0;e;0.4426;107.67;-1;0.2452;43.91
#i109;s08;geo020s08a0082v02;p>at>ent>i;lab;ejective;1;0.3379;96.95;0;a;0.4731;115.1;0;0.2656;47.56
#i110;s08;geo020s08a0082v02;p>at>ent>i;cor;ejective;2;0.4034;115.74;0;e;0.4729;115.05;-1;0.2598;46.52
#i111;s08;geo020s08a0083v02;papa;lab;plain;1;0.6551;187.94;0;a;0.5707;138.85;-1;0.5718;102.39
#i112;s08;geo020s08a0083v02;papa;lab;plain;2;0.6041;173.31;-1;a;0.6378;155.17;-1;0.4546;81.41
#i113;s08;geo020s08a0084v01;papa;lab;plain;1;0.4617;132.45;-1;a;0.4804;116.88;-1;0.3593;64.35
#i114;s08;geo020s08a0084v01;papa;lab;plain;2;0.5058;145.1;-1;a;0.3894;94.73;0;0.3991;71.47
#i115;s08;geo020s08a0084v02;papa;lab;plain;1;0.4924;141.25;-1;a;0.5241;127.51;-1;0.3604;64.54
#i116;s08;geo020s08a0084v02;papa;lab;plain;2;0.6089;174.68;-1;a;0.5753;139.96;0;0.4654;83.35
#i117;s08;geo020s08a0085v01;t>areba;cor;ejective;1;0.4825;138.41;0;a;0.6821;165.93;0;0.3866;69.24
#i118;s08;geo020s08a0085v02;papa;lab;plain;1;0.5470;156.91;-1;a;0.5735;139.52;-1;0.4473;80.1
#i119;s08;geo020s08a0085v02;papa;lab;plain;2;0.5581;160.1;0;a;0.6718;163.43;-1;0.3875;69.39
#i120;s08;geo020s08a0086v01;papa;lab;plain;1;0.4388;125.89;-1;a;0.4999;121.61;-1;0.3168;56.73
#i121;s08;geo020s08a0086v01;papa;lab;plain;2;0.6251;179.32;0;a;0.3885;94.52;0;0.5278;94.52
#i122;s08;geo020s08a0086v02;papa;lab;plain;1;0.5417;155.4;0;a;0.5517;134.22;-1;0.3524;63.11
#i123;s08;geo020s08a0086v02;papa;lab;plain;2;0.5253;150.7;0;a;0.5380;130.89;-1;0.3656;65.47
#i124;s08;geo020s08a0087v01;p>asek>i;lab;ejective;1;0.5238;150.28;0;a;0.4976;121.06;0;0.3822;68.44
#i125;s08;geo020s08a0087v01;p>asek>i;vel;ejective;2;0.6323;181.4;-1;i;0.4600;111.9;0;0.6249;111.9
#i126;s08;geo020s08a0087v02;rit>ini;cor;ejective;2;0.4678;134.21;-1;i;0.5096;123.97;-1;0.3304;59.17
#i127;s08;geo020s08a0088v01;rit>ini;cor;ejective;2;0.3049;87.46;0;i;0.3572;86.91;-1;0.1741;31.17
#i128;s08;geo020s08a0088v02;rit>ini;cor;ejective;2;0.4523;129.77;0;i;0.4435;107.9;-1;0.3082;55.19
#i129;s08;geo020s08a0089v01;p>ets>i;lab;ejective;1;0.4402;126.28;0;e;0.5176;125.91;-1;0.2889;51.73
#i130;s08;geo020s08a0093v01;k>abina;vel;ejective;1;0.3585;102.85;0;a;0.4902;119.26;-1;0.2301;41.2
#i131;s08;geo020s08a0095v02;t>aksi;cor;ejective;1;0.4916;141.04;0;a;0.6024;146.56;0;0.4401;78.82
#i132;s08;geo020s08a0096v01;t>aksi;cor;ejective;1;0.4275;122.63;0;a;0.4147;100.89;0;0.2881;51.6
#i133;s08;geo020s08a0096v02;t>aksi;cor;ejective;1;0.4513;129.46;0;a;0.4897;119.13;0;0.3770;67.51
#i134;s08;geo020s08a0097v01;p>edali;lab;ejective;1;0.4031;115.65;0;e;0.4224;102.76;-1;0.1868;33.46
#i135;s08;geo020s08a0097v02;p>anik>a;lab;ejective;1;0.4608;132.18;0;a;0.5753;139.96;-1;0.3714;66.51
#i136;s08;geo020s08a0097v02;p>anik>a;vel;ejective;2;0.3309;94.92;0;a;0.5183;126.08;-1;0.2445;43.78
#i137;s08;geo020s08a0098v01;p>anik>a;lab;ejective;1;0.4725;135.56;-1;a;0.5615;136.6;-1;0.3494;62.57
#i138;s08;geo020s08a0098v01;p>anik>a;vel;ejective;2;0.5660;162.37;0;a;0.4267;103.81;0;0.6453;115.56
#i139;s08;geo020s08a0098v02;p>anik>a;lab;ejective;1;0.4762;136.62;0;a;0.5322;129.47;-1;0.3784;67.77
#i140;s08;geo020s08a0098v02;p>anik>a;vel;ejective;2;0.3266;93.7;0;a;0.4459;108.49;-1;0.2083;37.3
#i141;s08;geo020s08a0099v01;putC>i;lab;plain;1;1.0000;286.88;-1;u;0.7365;179.17;0;1.0000;179.08
#i142;s08;geo020s08a0101v02;k>erp>i;vel;ejective;1;0.3606;103.45;0;e;0.4811;117.05;-1;0.2512;44.99
#i143;s08;geo020s08a0102v01;k>erp>i;vel;ejective;1;0.3710;106.42;0;e;0.4235;103.02;-1;0.1988;35.6
#i144;s08;geo020s08a0102v02;k>erp>i;vel;ejective;1;0.5480;157.2;0;e;0.5021;122.16;-1;0.4646;83.2
#i145;s08;geo020s08a0105v01;papa;lab;plain;1;0.5977;171.46;0;a;0.6235;151.69;-1;0.5209;93.28
#i146;s08;geo020s08a0105v01;papa;lab;plain;2;0.8013;229.87;-1;a;0.6359;154.7;0;0.8639;154.7
#i147;s08;geo020s08a0105v02;teat>ri;cor;plain;1;0.6409;183.85;-1;e;0.7442;181.04;-1;0.6366;114.01
#i148;s08;geo020s08a0106v01;teat>ri;cor;plain;1;0.5874;168.51;-1;e;0.6449;156.9;-1;0.5331;95.47
#i149;s08;geo020s08a0106v02;teat>ri;cor;plain;1;0.5830;167.24;-1;e;0.6644;161.64;-1;0.5490;98.31
#i150;s08;geo020s08a0107v01;p>ap>a;lab;ejective;1;0.4586;131.55;0;a;0.5288;128.65;0;0.3887;69.6
#i151;s08;geo020s08a0107v01;p>ap>a;lab;ejective;2;0.8078;231.73;0;a;0.6019;146.42;0;0.8316;148.92
#i152;s08;geo020s08a0108v01;t>ili;cor;ejective;1;0.4401;126.27;0;i;0.4681;113.87;0;0.3536;63.32
#i153;s08;geo020s08a0108v02;t>ili;cor;ejective;1;0.5374;154.17;0;i;0.5530;134.53;0;0.4089;73.23
#i154;s08;geo020s08a0111v02;t>ari;cor;ejective;1;0.5633;161.59;0;a;0.7799;189.73;-1;0.4628;82.88
#i155;s08;geo020s08a0112v01;t>ari;cor;ejective;1;0.4622;132.61;0;a;0.6263;152.36;-1;0.3261;58.39
#i156;s08;geo020s08a0112v02;t>ari;cor;ejective;1;0.5179;148.58;0;a;0.7272;176.91;-1;0.4410;78.97
#i157;s08;geo020s08a0113v01;p>ij\ama;lab;ejective;1;0.4101;117.65;0;i;0.3418;83.16;-1;0.1943;34.8
#i158;s08;geo020s08a0115v01;paCat>i;lab;plain;1;0.5059;145.14;-1;a;0.5917;143.96;-1;0.4362;78.12
#i159;s08;geo020s08a0115v01;paCat>i;cor;ejective;2;0.7177;205.9;0;i;0.5695;138.55;0;0.7737;138.55
#i160;s08;geo020s08a0115v02;p>ats>ats>a;lab;ejective;1;0.4379;125.63;0;a;0.5257;127.89;-1;0.3089;55.32
#i161;s08;geo020s08a0116v01;p>ats>ats>a;lab;ejective;1;0.3205;91.95;-1;a;0.4735;115.2;-1;0.1832;32.8
#i162;s08;geo020s08a0116v02;p>ats>ats>a;lab;ejective;1;0.4078;116.99;0;a;0.5052;122.91;-1;0.2995;53.64
#i163;s08;geo020s08a0117v01;t>irani;cor;ejective;1;0.4745;136.12;0;i;0.5645;137.34;-1;0.3336;59.75
#i164;s08;geo020s08a0117v02;pxak>i;vel;ejective;2;0.3884;111.43;0;i;0.4804;116.88;-1;0.2133;38.19
#i165;s08;geo020s08a0118v01;prak>i;vel;ejective;2;0.5069;145.42;0;i;0.3363;81.82;0;0.4569;81.82
#i166;s08;geo020s08a0118v02;prak>i;vel;ejective;2;0.3889;111.56;-1;i;0.4350;105.82;-1;0.2617;46.87
#i167;s08;geo020s08a0119v01;p>aradi;lab;ejective;1;0.4578;131.33;0;a;0.7093;172.56;0;0.3593;64.34
#i168;s08;geo020s08a0119v02;papuk>i;lab;plain;1;0.7756;222.51;-1;a;0.6070;147.67;0;0.8246;147.67
#i169;s08;geo020s08a0119v02;papuk>i;lab;plain;2;0.4527;129.88;-1;u;0.5825;141.7;-1;0.3408;61.03
#i170;s08;geo020s08a0119v02;papuk>i;vel;ejective;2;0.2743;78.68;0;i;0.5285;128.58;-1;0.2302;41.22
#i171;s08;geo020s08a0120v01;papuk>i;lab;plain;1;0.4843;138.93;-1;a;0.5466;132.97;-1;0.4057;72.66
#i172;s08;geo020s08a0120v01;papuk>i;lab;plain;2;0.4484;128.65;-1;u;0.5103;124.14;-1;0.2879;51.56
#i173;s08;geo020s08a0120v01;papuk>i;vel;ejective;2;0.2303;66.07;-1;i;0.2297;55.88;0;0.2574;46.1
#i174;s08;geo020s08a0120v02;papuk>i;lab;plain;1;0.5031;144.33;-1;a;0.5187;126.19;-1;0.4052;72.56
#i175;s08;geo020s08a0120v02;papuk>i;lab;plain;2;0.5787;166.01;-1;u;0.3679;89.51;-1;0.3442;61.64
#i176;s08;geo020s08a0120v02;papuk>i;vel;ejective;2;0.3688;105.79;-1;i;0.3847;93.59;-1;0.2043;36.59
#i177;s08;geo020s08a0121v01;t>ari;cor;ejective;1;0.4949;141.97;0;a;0.6793;165.27;0;0.3953;70.79
#i178;s08;geo020s08a0125v02;t>k>ipa;lab;plain;2;0.3881;111.35;-1;a;0.5579;135.73;-1;0.0884;15.83
#i179;s08;geo020s08a0126v01;t>k>ipa;lab;plain;2;0.5183;148.69;-1;a;0.4653;113.21;0;0.4008;71.77
#i180;s08;geo020s08a0127v01;pot>o;lab;plain;1;0.5624;161.35;-1;o;0.5707;138.83;-1;0.4270;76.47
#i181;s08;geo020s08a0127v01;pot>o;cor;ejective;2;0.6239;178.98;0;o;0.4337;105.52;0;0.9531;170.69
#i182;s08;geo020s08a0127v02;p>at>aj\i;lab;ejective;1;0.4183;120;0;a;0.5499;133.77;-1;0.3402;60.93
#i183;s08;geo020s08a0127v02;p>at>aj\i;cor;ejective;2;0.4235;121.49;0;a;0.6351;154.5;-1;0.3428;61.38
#i184;s08;geo020s08a0128v01;p>at>aj\i;lab;ejective;1;0.3037;87.13;0;a;0.4811;117.03;-1;0.1990;35.63
#i185;s08;geo020s08a0128v01;p>at>aj\i;cor;ejective;2;0.3290;94.39;0;a;0.4816;117.16;0;0.1908;34.16
#i186;s08;geo020s08a0128v02;p>at>aj\i;lab;ejective;1;0.2701;77.5;0;a;0.4799;116.75;-1;0.1383;24.77
#i187;s08;geo020s08a0128v02;p>at>aj\i;cor;ejective;2;0.4031;115.63;0;a;0.5664;137.8;-1;0.3219;57.65
#i188;s08;geo020s08a0129v01;t>abeli;cor;ejective;1;0.3979;114.15;0;a;0.5446;132.49;0;0.2538;45.45
#i189;s08;geo020s08a0133v01;p>alt>o;lab;ejective;1;0.5279;151.44;0;a;0.5124;124.65;0;0.4021;72
#i190;s08;geo020s08a0135v02;kert>li;vel;plain;1;0.5890;168.98;-1;e;0.6414;156.05;-1;0.5779;103.49
#i191;s08;geo020s08a0136v01;kert>li;vel;plain;1;0.5924;169.94;-1;e;0.5924;144.13;-1;0.5130;91.86
#i192;s08;geo020s08a0136v02;kert>li;vel;plain;1;0.5674;162.78;-1;e;0.6550;159.36;-1;0.5923;106.07
#i193;s08;geo020s08a0137v01;p>ak>et>i;lab;ejective;1;0.3617;103.77;0;a;0.4836;117.64;-1;0.1882;33.7
#i194;s08;geo020s08a0137v01;p>ak>et>i;vel;ejective;2;0.3971;113.92;0;e;0.4683;113.92;-1;0.2942;52.68
#i195;s08;geo020s08a0137v01;p>ak>et>i;cor;ejective;2;0.6477;185.8;0;i;0.4868;118.44;0;0.6769;121.22
#i196;s08;geo020s08a0139v01;t>eva;cor;ejective;1;0.5838;167.49;0;e;0.5216;126.89;-1;0.3737;66.93
#i197;s08;geo020s08a0141v01;pakt>i;lab;plain;1;0.4675;134.13;0;a;0.5656;137.59;-1;0.3693;66.13
#i198;s08;geo020s08a0141v02;k>aba;vel;ejective;1;0.3915;112.32;0;a;0.5004;121.74;-1;0.3482;62.35
#i199;s08;geo020s08a0142v01;k>aba;vel;ejective;1;0.3377;96.87;0;a;0.4240;103.16;-1;0.2730;48.88
#i200;s08;geo020s08a0142v02;k>aba;vel;ejective;1;0.3076;88.24;0;a;0.4896;119.12;-1;0.2439;43.67
#i201;s08;geo020s08a0143v02;k>arada;vel;ejective;1;0.4113;117.98;0;a;0.6742;164.02;0;0.3481;62.34
#i202;s08;geo020s08a0144v01;k>arada;vel;ejective;1;0.4630;132.83;0;a;0.5906;143.67;-1;0.3542;63.43
#i203;s08;geo020s08a0144v02;k>arada;vel;ejective;1;0.3479;99.8;0;a;0.5580;135.76;-1;0.2924;52.37
#i204;s08;geo020s08a0145v01;k>rit>ik>a;cor;ejective;2;0.3442;98.75;-1;i;0.3195;77.72;-1;0.1111;19.9
#i205;s08;geo020s08a0145v01;k>rit>ik>a;vel;ejective;2;0.3454;99.1;0;a;0.4587;111.6;0;0.4428;79.29
#i206;s08;geo020s08a0145v02;pxek>a;vel;ejective;2;0.3745;107.45;0;a;0.5785;140.74;-1;0.1971;35.3
#i207;s08;geo020s08a0146v01;pxek>a;vel;ejective;2;0.6075;174.28;0;a;0.4419;107.51;0;0.6081;108.89
#i208;s08;geo020s08a0146v02;pxek>a;vel;ejective;2;0.3898;111.83;0;a;0.6383;155.29;-1;0.3259;58.36
#i209;s08;geo020s08a0148v01;t>ekst>i;cor;ejective;1;0.6028;172.94;0;e;0.4000;97.3;0;0.5578;99.89
#i210;s08;geo020s08a0148v02;t>ekst>i;cor;ejective;1;0.6280;180.15;0;e;0.4306;104.76;0;0.6123;109.65
#i211;s08;geo020s08a0149v01;t>ani;cor;ejective;1;0.4544;130.35;0;a;0.6539;159.07;-1;0.2750;49.24
#i212;s08;geo020s08a0153v02;k>ak>ali;vel;ejective;1;0.4689;134.51;0;a;0.5833;141.9;0;0.4480;80.22
#i213;s08;geo020s08a0153v02;k>ak>ali;vel;ejective;2;0.4964;142.42;0;a;0.6236;151.72;-1;0.3848;68.91
#i214;s08;geo020s08a0154v01;k>ak>ali;vel;ejective;1;0.3180;91.23;0;a;0.4962;120.71;-1;0.2372;42.47
#i215;s08;geo020s08a0154v01;k>ak>ali;vel;ejective;2;0.3503;100.49;0;a;0.4496;109.37;-1;0.2284;40.91
#i216;s08;geo020s08a0154v02;k>ak>ali;vel;ejective;1;0.4467;128.16;0;a;0.5589;135.97;-1;0.4244;76
#i217;s08;geo020s08a0154v02;k>ak>ali;vel;ejective;2;0.4366;125.26;0;a;0.5184;126.11;-1;0.3245;58.11
#i218;s08;geo020s08a0155v02;k>amera;vel;ejective;1;0.4671;133.99;0;a;0.5319;129.41;-1;0.4274;76.54
#i219;s08;geo020s08a0156v01;k>amera;vel;ejective;1;0.4393;126.04;0;a;0.5020;122.13;0;0.3312;59.32
#i220;s08;geo020s08a0156v02;k>amera;vel;ejective;1;0.3007;86.27;0;a;0.3880;94.4;-1;0.1882;33.7
#i221;s08;geo020s08a0157v01;post>amt>i;lab;plain;1;0.5478;157.16;-1;o;0.5438;132.29;-1;0.4057;72.65
#i222;s08;geo020s08a0158v01;p>akt>i;lab;ejective;1;0.4199;120.46;0;a;0.4745;115.44;0;0.3309;59.25
#i223;s08;geo020s08a0158v02;p>akt>i;lab;ejective;1;0.5313;152.43;0;a;0.6045;147.06;-1;0.4500;80.58
#i224;s08;geo020s08a0159v01;t>it>uli;cor;ejective;1;0.4957;142.2;0;i;0.5071;123.37;-1;0.3490;62.5
#i225;s08;geo020s08a0159v01;t>it>uli;cor;ejective;2;0.3146;90.26;0;u;0.4590;111.66;-1;0.1594;28.55
#i226;s08;geo020s08a0161v02;k>enk>ra;vel;ejective;1;0.3816;109.46;0;e;0.4298;104.56;-1;0.3485;62.41
#i227;s08;geo020s08a0162v01;k>enk>ra;vel;ejective;1;0.3855;110.58;0;e;0.4689;114.08;-1;0.2861;51.23
#i228;s08;geo020s08a0162v02;k>enk>ra;vel;ejective;1;0.3528;101.21;0;e;0.4503;109.55;-1;0.3437;61.55
#i229;s08;geo020s08a0163v01;p>ilot>i;lab;ejective;1;0.3892;111.65;0;i;0.3924;95.47;-1;0.2144;38.4
#i230;s08;geo020s08a0163v01;p>ilot>i;cor;ejective;2;0.6456;185.21;0;i;0.4597;111.83;0;0.6360;113.9
#i231;s08;geo020s08a0167v01;k>ak>abi;vel;ejective;1;0.3505;100.56;0;a;0.5102;124.11;-1;0.2256;40.4
#i232;s08;geo020s08a0167v01;k>ak>abi;vel;ejective;2;0.3215;92.24;0;a;0.4644;112.97;-1;0.1766;31.63
#i233;s08;geo020s08a0170v01;rat>avi;cor;ejective;2;0.4083;117.14;0;a;0.4646;113.02;-1;0.2764;49.49
#i234;s08;geo020s08a0170v02;rat>avi;cor;ejective;2;0.4149;119.04;0;a;0.4910;119.45;-1;0.2614;46.82
#i235;s08;geo020s08a0174v01;k>ak>ao;vel;ejective;1;0.3578;102.64;0;a;0.4674;113.7;-1;0.1930;34.57
#i236;s08;geo020s08a0174v01;k>ak>ao;vel;ejective;2;0.4894;140.4;0;a;0.3215;78.21;0;0.4455;79.78
#i237;s08;geo020s08a0174v02;k>ak>ao;vel;ejective;1;0.3373;96.77;0;a;0.5470;133.07;-1;0.2306;41.29
#i238;s08;geo020s08a0174v02;k>ak>ao;vel;ejective;2;0.4216;120.94;0;a;0.5341;129.94;-1;0.3398;60.85
#i239;s08;geo020s08a0175v01;t>erori;cor;ejective;1;0.4203;120.57;0;e;0.6282;152.84;-1;0.3379;60.51
#i240;s08;geo020s08a0179v02;q>lup>i;lab;ejective;2;0.7863;225.56;0;i;0.5858;142.52;0;0.8029;143.78
#i241;s08;geo020s08a0180v01;q>lup>i;lab;ejective;2;0.5105;146.46;0;i;0.2655;64.6;0;0.3669;65.7
#i242;s08;geo020s08a0180v02;q>lup>i;lab;ejective;2;0.4034;115.73;0;i;0.4527;110.13;-1;0.2057;36.84
#i243;s08;geo020s08a0181v01;t>ank>i;cor;ejective;1;0.4309;123.62;0;a;0.4047;98.46;-1;0.3317;59.4
#i244;s08;geo020s08a0181v02;k>ala;vel;ejective;1;0.5721;164.12;0;a;0.6153;149.68;-1;0.5244;93.91
#i245;s08;geo020s08a0182v01;k>ala;vel;ejective;1;0.4489;128.78;0;a;0.6438;156.62;0;0.4152;74.36
#i246;s08;geo020s08a0182v02;k>ala;vel;ejective;1;0.5982;171.6;0;a;0.5430;132.09;-1;0.0429;7.68
#i247;s08;geo020s08a0183v02;t>emp>o;cor;ejective;1;0.4396;126.12;0;e;0.4866;118.37;-1;0.2504;44.85
#i248;s08;geo020s08a0184v01;t>emp>o;cor;ejective;1;0.4351;124.83;0;e;0.3815;92.81;-1;0.2757;49.38
#i249;s08;geo020s08a0184v02;t>emp>o;cor;ejective;1;0.3697;106.06;0;e;0.4071;99.04;-1;0.2642;47.31
#i250;s08;geo020s08a0189v01;korts>ili;vel;plain;1;0.5602;160.71;-1;o;0.5966;145.14;-1;0.4667;83.57
#i251;s08;geo020s08a0189v02;t>omi;cor;ejective;1;0.4981;142.89;0;o;0.5354;130.25;-1;0.3794;67.95
#i252;s08;geo020s08a0190v01;t>omi;cor;ejective;1;0.4513;129.48;0;o;0.4456;108.41;-1;0.3144;56.3
#i253;s08;geo020s08a0190v02;t>omi;cor;ejective;1;0.4233;121.44;0;o;0.4441;108.03;-1;0.2785;49.88
#i254;s08;geo020s08a0191v02;p>api;lab;ejective;1;0.5812;166.74;0;a;0.5323;129.5;0;0.5502;98.53
#i255;s08;geo020s08a0191v02;p>api;lab;plain;2;0.6556;188.07;-1;i;0.5937;144.43;-1;0.5210;93.3
#i256;s08;geo020s08a0192v01;p>api;lab;ejective;1;0.4339;124.49;0;a;0.4647;113.05;0;0.3180;56.94
#i257;s08;geo020s08a0192v01;p>api;lab;plain;2;0.5953;170.79;-1;i;0.3540;86.12;0;0.4809;86.12
#i258;s08;geo020s08a0192v02;p>api;lab;ejective;1;0.4488;128.75;0;a;0.4603;111.98;-1;0.3170;56.76
#i259;s08;geo020s08a0192v02;p>api;lab;plain;2;0.5401;154.94;-1;i;0.5371;130.66;-1;0.3864;69.2
#i260;s08;geo020s08a0193v01;k>vart>et>i;cor;ejective;2;0.3508;100.65;0;e;0.4471;108.76;0;0.3205;57.39
#i261;s08;geo020s08a0193v01;k>vart>et>i;cor;ejective;2;0.5924;169.95;-1;i;0.3427;83.37;0;0.5651;101.2
#i262;s08;geo020s08a0193v02;p>at>ara;lab;ejective;1;0.4716;135.29;0;a;0.4560;110.93;-1;0.3477;62.27
#i263;s08;geo020s08a0193v02;p>at>ara;cor;ejective;2;0.3447;98.9;0;a;0.5371;130.67;-1;0.2097;37.56
#i264;s08;geo020s08a0194v01;p>at>ara;lab;ejective;1;0.3186;91.39;-1;a;0.3288;79.98;-1;0.1507;26.98
#i265;s08;geo020s08a0194v01;p>at>ara;cor;ejective;2;0.3881;111.33;0;a;0.4745;115.43;-1;0.2386;42.73
#i266;s08;geo020s08a0194v02;p>at>ara;lab;ejective;1;0.3319;95.22;0;a;0.4104;99.83;-1;0.2209;39.55
#i267;s08;geo020s08a0194v02;p>at>ara;cor;ejective;2;0.4075;116.91;0;a;0.4217;102.6;-1;0.3099;55.5
#i268;s08;geo020s08a0195v01;t>abak>a;cor;ejective;1;0.4724;135.52;0;a;0.4935;120.05;-1;0.3333;59.68
#i269;s08;geo020s08a0195v01;t>abak>a;vel;ejective;2;0.5710;163.8;0;a;0.4330;105.33;0;0.6081;108.9
#i270;s08;geo020s08a0197v01;p>ark>et>i;lab;ejective;1;0.3900;111.88;0;a;0.4824;117.36;-1;0.2016;36.11
#i271;s08;geo020s08a0197v01;p>ark>et>i;cor;ejective;2;0.7483;214.66;0;i;0.6615;160.92;0;0.9142;163.71
#i272;s08;geo020s08a0197v02;p>iri;lab;ejective;1;0.5544;159.06;0;i;0.6786;165.1;-1;0.4444;79.58
#i273;s08;geo020s08a0198v01;p>iri;lab;ejective;1;0.4420;126.79;0;i;0.4462;108.56;-1;0.3382;60.57
#i274;s08;geo020s08a0198v02;p>iri;lab;ejective;1;0.4552;130.6;0;i;0.5239;127.46;-1;0.2826;50.61
#i275;s08;geo020s08a0199v02;k>at>a;vel;ejective;1;0.4092;117.39;0;a;0.4643;112.95;-1;0.3484;62.4
#i276;s08;geo020s08a0199v02;k>at>a;cor;ejective;2;0.4055;116.33;-1;a;0.5180;126.03;-1;0.1625;29.1
#i277;s08;geo020s08a0200v01;k>at>a;vel;ejective;1;0.3610;103.55;0;a;0.4445;108.15;-1;0.2500;44.77
#i278;s08;geo020s08a0200v01;k>at>a;cor;ejective;2;0.5534;158.75;0;a;0.3745;91.1;0;0.5166;92.52
#i279;s08;geo020s08a0200v02;k>at>a;vel;ejective;1;0.3984;114.28;0;a;0.4314;104.94;0;0.3615;64.74
#i280;s08;geo020s08a0200v02;k>at>a;cor;ejective;2;0.3951;113.36;0;a;0.4908;119.41;-1;0.1858;33.27
#i281;s08;geo020s08a0201v01;p>ats>ia;lab;ejective;1;0.4495;128.95;0;a;0.5057;123.02;-1;0.3105;55.6
#i282;s08;geo020s08a0202v01;k>ek>letsi;vel;ejective;1;0.4374;125.47;0;e;0.4815;117.13;-1;0.3616;64.76
#i283;s08;geo020s08a0202v02;k>ek>letsi;vel;ejective;1;0.2587;74.21;-1;e;0.3988;97.03;-1;0.1459;26.12
#i284;s08;geo020s08a0203v01;p>ark>i;lab;ejective;1;0.3471;99.58;-1;a;0.5077;123.52;-1;0.1992;35.68
#i285;s08;geo020s08a0205v02;k>ep>va;vel;ejective;1;0.5640;161.81;0;e;0.5080;123.59;-1;0.4378;78.4
#i286;s08;geo020s08a0206v01;k>ep>va;vel;ejective;1;0.3993;114.54;-1;e;0.3919;95.34;-1;0.2309;41.35
#i287;s08;geo020s08a0206v02;k>ep>va;vel;ejective;1;0.4498;129.04;0;e;0.4341;105.61;-1;0.3004;53.8
#i288;s08;geo020s08a0207v02;post>a;lab;plain;1;0.5112;146.66;-1;o;0.4849;117.96;-1;0.3579;64.09
#i289;s08;geo020s08a0208v01;post>a;lab;plain;1;0.4778;137.08;-1;o;0.4247;103.31;-1;0.3238;57.99
#i290;s08;geo020s08a0208v02;post>a;lab;plain;1;0.6067;174.04;-1;o;0.4755;115.68;-1;0.3473;62.19
#i291;s08;geo020s08a0209v01;k>ap>ela;vel;ejective;1;0.3714;106.56;0;a;0.4762;115.86;-1;0.2726;48.81
#i292;s08;geo020s08a0209v01;k>ap>ela;lab;ejective;2;0.4742;136.04;0;e;0.3918;95.31;0;0.3348;59.95
#i293;s08;geo020s08a0211v01;k>akt>usi;vel;ejective;1;0.3467;99.45;0;a;0.4321;105.13;0;0.2865;51.3
#i294;s08;geo020s08a0213v01;Cap>it>o;lab;ejective;2;0.5115;146.74;0;i;0.3101;75.43;0;0.4339;77.7
#i295;s08;geo020s08a0213v01;Cap>it>o;cor;ejective;2;0.6011;172.43;0;o;0.3990;97.07;0;0.5525;98.95
#i296;s08;geo020s08a0215v01;p>at>ent>i;lab;ejective;1;0.3728;106.96;-1;a;0.4943;120.25;-1;0.2382;42.66
#i297;s08;geo020s08a0215v01;p>at>ent>i;cor;ejective;2;0.2976;85.38;-1;e;0.3075;74.82;-1;0.1038;18.59
#i298;s08;geo020s08a0215v02;tok>i;cor;plain;1;0.5381;154.37;-1;o;0.5339;129.89;-1;0.4627;82.86
#i299;s08;geo020s08a0215v02;tok>i;vel;ejective;2;0.4376;125.53;0;i;0.5741;139.66;-1;0.3156;56.51
#i300;s08;geo020s08a0216v01;tok>i;cor;plain;1;0.3362;96.44;-1;o;0.3987;97;-1;0.2476;44.34
#i301;s08;geo020s08a0216v01;tok>i;vel;ejective;2;0.3546;101.73;-1;i;0.2110;51.34;0;0.2920;52.29
#i302;s08;geo020s08a0216v02;tok>i;cor;plain;1;0.4135;118.62;-1;o;0.4556;110.84;-1;0.3132;56.09
#i303;s08;geo020s08a0216v02;tok>i;vel;ejective;2;0.2925;83.91;-1;i;0.3110;75.66;-1;0.1759;31.5
#i304;s08;geo020s08a0217v01;papa;lab;plain;1;0.4584;131.52;-1;a;0.4905;119.32;-1;0.3433;61.47
#i305;s08;geo020s08a0217v01;papa;lab;plain;2;0.6878;197.33;0;a;0.4574;111.27;0;0.6213;111.27
#i306;s08;geo020s08a0219v01;papa;lab;plain;1;0.6157;176.62;-1;a;0.5522;134.33;-1;0.4863;87.08
#i307;s08;geo020s08a0219v01;papa;lab;plain;2;0.4604;132.09;0;a;0.5312;129.23;0;0.2414;43.23
#i308;s08;geo020s08a0219v02;t>areba;cor;ejective;1;0.4076;116.92;0;a;0.5426;132;0;0.3061;54.81
#i309;s08;geo020s08a0220v01;t>areba;cor;ejective;1;0.4034;115.74;0;a;0.5116;124.46;0;0.3058;54.76
#i310;s08;geo020s08a0220v02;t>areba;cor;ejective;1;0.3896;111.78;0;a;0.5010;121.88;-1;0.3102;55.55
#i311;s08;geo020s08a0221v01;rit>ini;cor;ejective;2;0.3469;99.51;0;i;0.3950;96.09;0;0.1939;34.72
#i312;s08;geo020s08a0221v02;p>aseki;lab;ejective;1;0.4411;126.54;0;a;0.4515;109.84;0;0.3338;59.78
#i313;s08;geo020s08a0221v02;p>aseki;vel;plain;2;0.4974;142.69;-1;i;0.4397;106.96;-1;0.4298;76.97
#i314;s08;geo020s08a0222v01;p>aseki;vel;plain;2;0.5160;148.03;-1;i;0.3329;81;-1;0.4523;81
#i315;s08;geo020s08a0222v02;p>aseki;vel;plain;2;0.4495;128.94;-1;i;0.5552;135.07;-1;0.3428;61.38
#i316;s08;geo020s08a0233v02;putC>i;lab;plain;1;0.6111;175.32;-1;u;0.5614;136.58;-1;0.4706;84.28
#i317;s08;geo020s08a0234v02;putC>i;lab;plain;1;0.6525;187.18;-1;u;0.5864;142.66;-1;0.4715;84.44
#i318;s08;geo020s08a0239v01;teat>ri;cor;plain;1;0.7536;216.19;-1;e;0.7842;190.78;-1;0.7240;129.65
#i319;s08;geo020s08a0239v02;papa;lab;plain;2;0.5584;160.18;-1;a;0.6307;153.43;-1;0.4072;72.92
#i320;s08;geo020s08a0240v01;papa;lab;plain;1;0.4567;131.02;-1;a;0.4676;113.75;-1;0.3148;56.37
#i321;s08;geo020s08a0240v01;papa;lab;plain;2;0.6302;180.8;-1;a;0.3884;94.5;-1;0.5277;94.5
#i322;s08;geo020s08a0240v02;papa;lab;plain;1;0.4475;128.38;-1;a;0.4792;116.58;-1;0.3314;59.35
#i323;s08;geo020s08a0240v02;papa;lab;plain;2;0.4759;136.52;-1;a;0.4570;111.19;-1;0.2870;51.4
#i324;s08;geo020s08a0249v02;paCat>i;lab;plain;1;0.5380;154.35;-1;a;0.5870;142.81;-1;0.3498;62.64
#i325;s08;geo020s08a0250v01;paCat>i;lab;plain;1;0.5270;151.19;-1;a;0.5598;136.2;-1;0.4005;71.72
#i326;s08;geo020s08a0250v02;paCat>i;lab;plain;1;0.4652;133.47;-1;a;0.5732;139.44;-1;0.4103;73.47
#i327;s09;geo020s09a0001v01;kert>li;vel;plain;1;0.3294;94.51;-1;e;0.4638;112.84;-1;0.2130;38.14
#i328;s09;geo020s09a0003v02;p>ak>et>i;lab;ejective;1;0.4818;138.21;0;a;0.4355;105.94;0;0.3448;61.74
#i329;s09;geo020s09a0003v02;p>ak>et>i;vel;ejective;2;0.5162;148.08;-1;e;0.2715;66.05;0;0.4731;84.73
#i330;s09;geo020s09a0003v02;p>ak>et>i;cor;ejective;2;0.5300;152.06;-1;i;0.8401;204.37;0;0.2288;40.98
#i331;s09;geo020s09a0004v01;p>ak>et>i;lab;ejective;1;0.3885;111.44;0;a;0.4432;107.81;-1;0.2745;49.15
#i332;s09;geo020s09a0004v01;p>ak>et>i;vel;ejective;2;0.4251;121.94;-1;e;0.2829;68.83;0;0.3888;69.62
#i333;s09;geo020s09a0004v01;p>ak>et>i;cor;ejective;2;0.3167;90.86;-1;i;0.2580;62.76;-1;0.1406;25.17
#i334;s09;geo020s09a0004v02;p>ak>et>i;lab;ejective;1;0.3025;86.78;-1;a;0.3869;94.12;-1;0.1479;26.49
#i335;s09;geo020s09a0004v02;p>ak>et>i;cor;ejective;2;0.3396;97.42;-1;i;0.3607;87.76;-1;0.1130;20.24
#i336;s09;geo020s09a0006v01;t>eva;cor;ejective;1;0.5517;158.28;0;e;0.4482;109.04;-1;0.3869;69.28
#i337;s09;geo020s09a0006v02;t>eva;cor;ejective;1;0.5734;164.49;0;e;0.4150;100.96;0;0.4053;72.59
#i338;s09;geo020s09a0007v01;k>aba;vel;ejective;1;0.5470;156.93;0;a;0.5351;130.18;-1;0.4502;80.62
#i339;s09;geo020s09a0007v02;pakt>i;lab;plain;1;0.5882;168.73;0;a;0.4918;119.65;-1;0.4189;75.01
#i340;s09;geo020s09a0008v02;pakt>i;lab;plain;1;0.2873;82.43;0;a;0.4681;113.87;-1;0.1562;27.98
#i341;s09;geo020s09a0009v01;k>arada;vel;ejective;1;0.4298;123.29;0;a;0.5813;141.41;-1;0.3358;60.13
#i342;s09;geo020s09a0011v01;pxek>a;vel;ejective;2;0.2994;85.89;0;a;0.5740;139.65;-1;0.1423;25.48
#i343;s09;geo020s09a0011v02;k>rit>ik>a;cor;ejective;2;0.3728;106.94;0;i;0.3120;75.91;-1;0.2199;39.38
#i344;s09;geo020s09a0011v02;k>rit>ik>a;vel;ejective;2;0.3208;92.03;-1;a;0.4667;113.55;-1;0.1786;31.98
#i345;s09;geo020s09a0012v01;k>rit>ik>a;cor;ejective;2;0.4577;131.31;-1;i;0.2772;67.44;0;0.4071;72.9
#i346;s09;geo020s09a0012v01;k>rit>ik>a;vel;ejective;2;0.2158;61.91;0;a;0.3591;87.37;-1;0.1537;27.53
#i347;s09;geo020s09a0012v02;k>rit>ik>a;cor;ejective;2;0.3786;108.62;0;i;0.3207;78.01;0;0.2148;38.47
#i348;s09;geo020s09a0012v02;k>rit>ik>a;vel;ejective;2;0.2985;85.62;-1;a;0.4287;104.29;-1;0.2870;51.4
#i349;s09;geo020s09a0013v01;t>ekst>i;cor;ejective;1;0.3613;103.64;-1;e;0.4833;117.58;-1;0.1762;31.55
#i350;s09;geo020s09a0015v02;t>ani;cor;ejective;1;0.4713;135.2;0;a;0.6219;151.29;-1;0.3822;68.45
#i351;s09;geo020s09a0016v01;t>ani;cor;ejective;1;0.3966;113.78;0;a;0.5360;130.41;-1;0.2642;47.31
#i352;s09;geo020s09a0016v02;t>ani;cor;ejective;1;0.4373;125.45;0;a;0.5597;136.17;-1;0.2839;50.84
#i353;s09;geo020s09a0019v01;k>ak>ali;vel;ejective;1;0.5031;144.33;0;a;0.5608;136.44;-1;0.4002;71.67
#i354;s09;geo020s09a0019v01;k>ak>ali;vel;ejective;2;0.2237;64.17;0;a;0.4504;109.58;-1;0.1297;23.23
#i355;s09;geo020s09a0021v01;k>amera;vel;ejective;1;0.4731;135.72;0;a;0.5535;134.65;-1;0.4629;82.89
#i356;s09;geo020s09a0023v01;p>akt>i;lab;ejective;1;0.6617;189.84;0;a;0.4709;114.57;-1;0.2401;42.99
#i357;s09;geo020s09a0024v01;post>amt>i;lab;plain;1;0.7704;221.02;0;o;0.6089;148.13;-1;0.4196;75.15
#i358;s09;geo020s09a0024v02;post>amt>i;lab;plain;1;0.9142;262.27;-1;o;0.5709;138.9;-1;0.3792;67.91
#i359;s09;geo020s09a0025v02;t>it>uli;cor;ejective;1;0.4746;136.16;0;i;0.4234;103.01;-1;0.3611;64.66
#i360;s09;geo020s09a0025v02;t>it>uli;cor;ejective;2;0.4700;134.83;0;u;0.3869;94.13;0;0.3333;59.68
#i361;s09;geo020s09a0026v01;t>it>uli;cor;ejective;1;0.6037;173.18;0;i;0.3313;80.6;0;0.4555;81.57
#i362;s09;geo020s09a0026v01;t>it>uli;cor;ejective;2;0.3678;105.51;0;u;0.2877;69.99;0;0.2323;41.6
#i363;s09;geo020s09a0027v01;k>enk>ra;vel;ejective;1;0.4882;140.06;0;e;0.4564;111.03;0;0.4075;72.97
#i364;s09;geo020s09a0030v01;p>ilot>i;lab;ejective;1;0.5791;166.14;0;i;0.3679;89.51;0;0.3532;63.25
#i365;s09;geo020s09a0030v01;p>ilot>i;cor;ejective;2;0.3138;90.02;-1;i;0.3189;77.58;-1;0.1157;20.72
#i366;s09;geo020s09a0030v02;p>ilot>i;lab;ejective;1;0.5724;164.21;0;i;0.3819;92.9;-1;0.2974;53.25
#i367;s09;geo020s09a0030v02;p>ilot>i;cor;ejective;2;0.4540;130.25;-1;i;0.5553;135.1;-1;0.2211;39.6
#i368;s09;geo020s09a0033v02;k>ak>abi;vel;ejective;1;0.6346;182.04;0;a;0.5823;141.67;-1;0.4683;83.87
#i369;s09;geo020s09a0033v02;k>ak>abi;vel;ejective;2;0.3775;108.3;0;a;0.4560;110.93;0;0.2567;45.97
#i370;s09;geo020s09a0034v01;k>ak>abi;vel;ejective;1;0.4697;134.74;0;a;0.4811;117.03;-1;0.3847;68.9
#i371;s09;geo020s09a0034v01;k>ak>abi;vel;ejective;2;0.3569;102.4;0;a;0.4234;103;-1;0.2769;49.58
#i372;s09;geo020s09a0034v02;k>ak>abi;vel;ejective;1;0.5576;159.95;0;a;0.5340;129.92;-1;0.3545;63.49
#i373;s09;geo020s09a0034v02;k>ak>abi;vel;ejective;2;0.3685;105.72;0;a;0.4559;110.92;0;0.2744;49.14
#i374;s09;geo020s09a0035v01;rat>avi;cor;ejective;2;0.5112;146.66;0;a;0.5074;123.44;-1;0.4199;75.2
#i375;s09;geo020s09a0039v01;k>ak>ao;vel;ejective;1;0.5261;150.94;0;a;0.5998;145.93;-1;0.3048;54.58
#i376;s09;geo020s09a0039v01;k>ak>ao;vel;ejective;2;0.4905;140.72;0;a;0.6281;152.8;-1;0.4117;73.72
#i377;s09;geo020s09a0041v02;t>erori;cor;ejective;1;0.5563;159.59;0;e;0.6856;166.8;-1;0.4028;72.13
#i378;s09;geo020s09a0042v01;t>erori;cor;ejective;1;0.4026;115.49;0;e;0.5522;134.33;-1;0.3414;61.14
#i379;s09;geo020s09a0042v02;t>erori;cor;ejective;1;0.4969;142.56;0;e;0.5917;143.95;0;0.4157;74.44
#i380;s09;geo020s09a0045v01;q>lup>i;lab;ejective;2;0.2960;84.91;-1;i;0.3857;93.84;-1;0.0859;15.39
#i381;s09;geo020s09a0047v01;k>ala;vel;ejective;1;0.6417;184.08;0;a;0.7687;187.02;-1;0.5303;94.97
#i382;s09;geo020s09a0047v02;t>ank>i;cor;ejective;1;0.6410;183.88;0;a;0.7424;180.6;-1;0.4368;78.22
#i383;s09;geo020s09a0048v01;t>ank>i;cor;ejective;1;0.5401;154.95;0;a;0.5939;144.48;-1;0.3503;62.73
#i384;s09;geo020s09a0048v02;t>ank>i;cor;ejective;1;0.5533;158.74;0;a;0.5914;143.88;-1;0.4410;78.98
#i385;s09;geo020s09a0049v01;t>emp>o;cor;ejective;1;0.8208;235.47;0;e;0.5846;142.22;-1;0.4020;71.99
#i386;s09;geo020s09a0055v01;t>omi;cor;ejective;1;0.5785;165.97;0;o;0.7852;191.02;-1;0.3781;67.71
#i387;s09;geo020s09a0055v02;korts>ili;vel;plain;1;0.5873;168.49;-1;o;0.5945;144.62;-1;0.4813;86.19
#i388;s09;geo020s09a0056v01;korts>ili;vel;plain;1;0.4641;133.15;-1;o;0.4742;115.37;-1;0.3465;62.06
#i389;s09;geo020s09a0056v02;korts>ili;vel;plain;1;0.5505;157.94;-1;o;0.5536;134.69;-1;0.3790;67.87
#i390;s09;geo020s09a0057v01;p>api;lab;plain;2;0.9377;269.02;0;i;0.9637;234.45;-1;0.7874;141
#i391;s09;geo020s09a0059v01;p>at>ara;lab;ejective;1;0.6917;198.43;0;a;0.6045;147.06;-1;0.3749;67.13
#i392;s09;geo020s09a0059v01;p>at>ara;cor;ejective;2;0.3358;96.34;0;a;0.5401;131.39;-1;0.1685;30.17
#i393;s09;geo020s09a0059v02;k>vart>et>i;cor;ejective;2;0.4205;120.63;0;i;0.5965;145.12;-1;0.2006;35.92
#i394;s09;geo020s09a0060v01;k>vart>et>i;cor;ejective;2;0.3933;112.82;-1;i;0.2918;71;-1;0.1493;26.73
#i395;s09;geo020s09a0060v02;k>vart>et>i;cor;ejective;2;0.3796;108.9;-1;i;0.6991;170.08;-1;0.1361;24.37
#i396;s09;geo020s09a0062v01;t>abak>a;cor;ejective;1;0.5249;150.59;0;a;0.5078;123.54;-1;0.2928;52.43
#i397;s09;geo020s09a0062v01;t>abak>a;vel;ejective;2;0.3464;99.37;0;a;0.5834;141.92;-1;0.1599;28.63
#i398;s09;geo020s09a0062v02;t>abak>a;cor;ejective;1;0.6090;174.72;0;a;0.4229;102.88;-1;0.2470;44.24
#i399;s09;geo020s09a0062v02;t>abak>a;vel;ejective;2;0.3354;96.22;0;a;0.6391;155.47;-1;0.1337;23.95
#i400;s09;geo020s09a0063v01;p>iri;lab;ejective;1;0.5385;154.48;0;i;0.8150;198.27;-1;0.4488;80.37
#i401;s09;geo020s09a0063v02;p>ark>et>i;lab;ejective;1;0.5894;169.08;0;a;0.6432;156.48;-1;0.3727;66.75
#i402;s09;geo020s09a0063v02;p>ark>et>i;cor;ejective;2;0.3993;114.56;-1;i;0.4842;117.8;-1;0.2355;42.18
#i403;s09;geo020s09a0064v01;p>ark>et>i;lab;ejective;1;0.4091;117.36;0;a;0.5153;125.37;-1;0.2611;46.76
#i404;s09;geo020s09a0064v01;p>ark>et>i;cor;ejective;2;0.2225;63.82;-1;i;0.2634;64.09;-1;0.1017;18.22
#i405;s09;geo020s09a0064v02;p>ark>et>i;lab;ejective;1;0.3890;111.6;0;a;0.5056;123;-1;0.2322;41.59
#i406;s09;geo020s09a0064v02;p>ark>et>i;cor;ejective;2;0.3265;93.66;-1;i;0.4970;120.9;-1;0.1136;20.34
#i407;s09;geo020s09a0065v01;k>at>a;vel;ejective;1;0.4620;132.53;0;a;0.6645;161.65;-1;0.3158;56.56
#i408;s09;geo020s09a0065v01;k>at>a;cor;ejective;2;0.4096;117.5;-1;a;0.3631;88.33;0;0.2801;50.16
#i409;s09;geo020s09a0067v01;k>ek>letsi;vel;ejective;1;0.5746;164.84;0;e;0.5467;133.01;-1;0.3481;62.34
#i410;s09;geo020s09a0067v02;p>ats>ia;lab;ejective;1;0.5655;162.23;0;a;0.6496;158.04;0;0.4103;73.47
#i411;s09;geo020s09a0068v01;p>ats>ia;lab;ejective;1;0.5223;149.83;0;a;0.5744;139.73;-1;0.3738;66.94
#i412;s09;geo020s09a0068v02;p>ats>ia;lab;ejective;1;0.4738;135.93;0;a;0.4951;120.46;-1;0.2160;38.68
#i413;s09;geo020s09a0069v02;p>ark>i;lab;ejective;1;0.5929;170.08;0;a;0.6246;151.95;-1;0.3529;63.2
#i414;s09;geo020s09a0070v01;p>ark>i;lab;ejective;1;0.5009;143.71;0;a;0.5387;131.06;-1;0.3247;58.14
#i415;s09;geo020s09a0070v02;p>ark>i;lab;ejective;1;0.5024;144.13;0;a;0.5683;138.25;-1;0.3386;60.63
#i416;s09;geo020s09a0071v01;k>ep>va;vel;ejective;1;0.5249;150.57;0;e;0.5874;142.91;-1;0.3778;67.65
#i417;s09;geo020s09a0073v01;post>a;lab;plain;1;0.6413;183.98;-1;o;0.7237;176.07;-1;0.5140;92.04
#i418;s09;geo020s09a0075v02;k>ap>ela;vel;ejective;1;0.7006;201;0;a;0.7095;172.6;-1;0.6069;108.69
#i419;s09;geo020s09a0075v02;k>ap>ela;lab;ejective;2;0.4315;123.78;0;e;0.3721;90.53;-1;0.2594;46.45
#i420;s09;geo020s09a0076v01;k>ap>ela;vel;ejective;1;0.4451;127.69;0;a;0.4823;117.34;-1;0.3233;57.9
#i421;s09;geo020s09a0076v01;k>ap>ela;lab;ejective;2;0.3889;111.57;0;e;0.3383;82.29;-1;0.2234;40
#i422;s09;geo020s09a0076v02;k>ap>ela;vel;ejective;1;0.3028;86.87;-1;a;0.4211;102.45;0;0.2442;43.73
#i423;s09;geo020s09a0076v02;k>ap>ela;lab;ejective;2;0.4034;115.74;0;e;0.3788;92.15;-1;0.2410;43.15
#i424;s09;geo020s09a0078v01;k>akt>usi;vel;ejective;1;0.3511;100.73;0;a;0.4447;108.19;-1;0.2207;39.53
#i425;s09;geo020s09a0078v02;k>akt>usi;vel;ejective;1;0.5805;166.53;0;a;0.5492;133.62;-1;0.4548;81.44
#i426;s09;geo020s09a0079v02;Cap>it>o;lab;ejective;2;0.4474;128.36;0;i;0.3263;79.39;0;0.2864;51.29
#i427;s09;geo020s09a0079v02;Cap>it>o;cor;ejective;2;0.4761;136.58;0;o;0.9961;242.32;-1;0.2502;44.8
#i428;s09;geo020s09a0080v01;Cap>it>o;lab;ejective;2;0.3467;99.47;0;i;0.2912;70.84;-1;0.1273;22.79
#i429;s09;geo020s09a0080v01;Cap>it>o;cor;ejective;2;0.4068;116.7;-1;o;0.4547;110.62;-1;0.1444;25.86
#i430;s09;geo020s09a0080v02;Cap>it>o;lab;ejective;2;0.4025;115.47;0;i;0.2575;62.64;-1;0.1601;28.67
#i431;s09;geo020s09a0080v02;Cap>it>o;cor;ejective;2;0.3736;107.18;0;o;0.3955;96.21;-1;0.1224;21.92
#i432;s09;geo020s09a0081v01;tok>i;cor;plain;1;0.5182;148.66;-1;o;0.5899;143.52;-1;0.3518;63
#i433;s09;geo020s09a0081v01;tok>i;vel;ejective;2;0.4475;128.39;-1;i;0.4834;117.6;0;0.3529;63.19
#i434;s09;geo020s09a0081v02;p>at>ent>i;lab;ejective;1;0.5717;164.01;0;a;0.5367;130.57;-1;0.3190;57.12
#i435;s09;geo020s09a0081v02;p>at>ent>i;cor;ejective;2;0.4037;115.82;0;e;0.3564;86.7;-1;0.2550;45.66
#i436;s09;geo020s09a0082v01;p>at>ent>i;lab;ejective;1;0.3894;111.7;0;a;0.4238;103.1;-1;0.2929;52.45
#i437;s09;geo020s09a0082v01;p>at>ent>i;cor;ejective;2;0.2872;82.4;-1;e;0.3459;84.14;-1;0.1245;22.3
#i438;s09;geo020s09a0082v02;p>at>ent>i;lab;ejective;1;0.3781;108.46;0;a;0.4427;107.7;-1;0.2087;37.38
#i439;s09;geo020s09a0082v02;p>at>ent>i;cor;ejective;2;0.4152;119.1;0;e;0.4023;97.88;0;0.2970;53.19
#i440;s09;geo020s09a0083v02;papa;lab;plain;1;0.5129;147.14;-1;a;0.4838;117.7;-1;0.2747;49.2
#i441;s09;geo020s09a0083v02;papa;lab;plain;2;0.4429;127.05;-1;a;0.6134;149.23;-1;0.2692;48.2
#i442;s09;geo020s09a0084v01;papa;lab;plain;1;0.4478;128.47;-1;a;0.4372;106.36;-1;0.2487;44.53
#i443;s09;geo020s09a0084v01;papa;lab;plain;2;0.3419;98.07;-1;a;0.4344;105.69;-1;0.1481;26.52
#i444;s09;geo020s09a0085v02;papa;lab;plain;1;0.4681;134.3;-1;a;0.4614;112.25;-1;0.3321;59.47
#i445;s09;geo020s09a0085v02;papa;lab;plain;2;0.3997;114.68;-1;a;0.5554;135.11;-1;0.2216;39.68
#i446;s09;geo020s09a0086v01;papa;lab;plain;1;0.3112;89.29;-1;a;0.4127;100.39;-1;0.1641;29.38
#i447;s09;geo020s09a0086v01;papa;lab;plain;2;0.3663;105.09;-1;a;0.3912;95.16;-1;0.2463;44.1
#i448;s09;geo020s09a0088v01;rit>ini;cor;ejective;2;0.3469;99.53;-1;i;0.3347;81.43;-1;0.2379;42.6
#i449;s09;geo020s09a0089v01;p>ets>i;lab;ejective;1;0.5234;150.15;0;e;0.5338;129.86;-1;0.2791;49.99
#i450;s09;geo020s09a0091v01;k>enit>i;vel;ejective;1;0.5695;163.38;0;e;0.6716;163.38;-1;0.4903;87.8
#i451;s09;geo020s09a0091v01;k>enit>i;cor;ejective;2;0.4937;141.62;0;i;0.5062;123.15;-1;0.2891;51.77
#i452;s09;geo020s09a0093v01;k>abina;vel;ejective;1;0.4635;132.96;0;a;0.5697;138.59;-1;0.4322;77.4
#i453;s09;geo020s09a0095v02;t>aksi;cor;ejective;1;0.5447;156.26;0;a;0.6218;151.26;-1;0.3705;66.35
#i454;s09;geo020s09a0096v01;t>aksi;cor;ejective;1;0.4482;128.58;0;a;0.5222;127.05;-1;0.3027;54.2
#i455;s09;geo020s09a0096v02;t>aksi;cor;ejective;1;0.2744;78.71;-1;a;0.4494;109.32;-1;0.0979;17.54
#i456;s09;geo020s09a0097v01;p>edali;lab;ejective;1;0.5029;144.27;0;e;0.5057;123.02;-1;0.3044;54.52
#i457;s09;geo020s09a0098v01;p>anik>a;lab;ejective;1;0.4295;123.22;0;a;0.6024;146.55;-1;0.2714;48.6
#i458;s09;geo020s09a0098v01;p>anik>a;vel;ejective;2;0.5348;153.43;-1;a;0.4350;105.83;0;0.5910;105.83
#i459;s09;geo020s09a0098v02;p>anik>a;lab;ejective;1;0.5620;161.24;0;a;0.6206;150.98;-1;0.3593;64.34
#i460;s09;geo020s09a0098v02;p>anik>a;vel;ejective;2;0.3513;100.79;-1;a;0.6936;168.74;-1;0.2301;41.2
#i461;s09;geo020s09a0101v02;k>erp>i;vel;ejective;1;0.5266;151.08;-1;e;0.5451;132.62;-1;0.3842;68.81
#i462;s09;geo020s09a0102v01;k>erp>i;vel;ejective;1;0.5648;162.02;0;e;0.6178;150.31;-1;0.4047;72.48
#i463;s09;geo020s09a0102v02;k>erp>i;vel;ejective;1;0.5456;156.51;0;e;0.5429;132.07;-1;0.4218;75.54
#i464;s09;geo020s09a0105v01;papa;lab;plain;1;0.6238;178.96;0;a;0.6267;152.47;-1;0.4107;73.54
#i465;s09;geo020s09a0105v01;papa;lab;plain;2;0.4614;132.36;-1;a;0.5650;137.46;-1;0.2740;49.07
#i466;s09;geo020s09a0105v02;teat>ri;cor;plain;1;0.6092;174.77;-1;e;0.6182;150.39;-1;0.4419;79.13
#i467;s09;geo020s09a0106v01;teat>ri;cor;plain;1;0.4198;120.43;-1;e;0.4367;106.23;-1;0.2813;50.37
#i468;s09;geo020s09a0106v02;teat>ri;cor;plain;1;0.6040;173.27;-1;e;0.5768;140.33;-1;0.4998;89.5
#i469;s09;geo020s09a0107v01;p>ap>a;lab;ejective;1;0.5995;171.99;0;a;0.6832;166.22;-1;0.3234;57.91
#i470;s09;geo020s09a0107v01;p>ap>a;lab;ejective;2;0.4512;129.45;0;a;0.6922;168.4;-1;0.3147;56.36
#i471;s09;geo020s09a0107v02;t>ili;cor;ejective;1;0.7499;215.13;0;i;0.7171;174.46;-1;0.5047;90.38
#i472;s09;geo020s09a0108v01;t>ili;cor;ejective;1;0.6250;179.3;0;i;0.5721;139.17;-1;0.4958;88.79
#i473;s09;geo020s09a0111v02;t>ari;cor;ejective;1;0.6781;194.53;0;a;0.9439;229.63;-1;0.5400;96.7
#i474;s09;geo020s09a0112v01;t>ari;cor;ejective;1;0.6810;195.36;0;a;1.0000;243.28;-1;0.5824;104.3
#i475;s09;geo020s09a0112v02;t>ari;cor;ejective;1;0.6292;180.5;0;a;0.9088;221.1;-1;0.4534;81.2
#i476;s09;geo020s09a0113v01;p>ij\ama;lab;ejective;1;0.5466;156.82;0;i;0.5961;145.03;-1;0.3929;70.36
#i477;s09;geo020s09a0115v02;p>ats>ats>a;lab;ejective;1;0.6375;182.9;0;a;0.5478;133.27;0;0.5190;92.95
#i478;s09;geo020s09a0116v01;p>ats>ats>a;lab;ejective;1;0.5292;151.83;0;a;0.5240;127.48;-1;0.3388;60.67
#i479;s09;geo020s09a0116v02;p>ats>ats>a;lab;ejective;1;0.4792;137.48;0;a;0.4670;113.62;-1;0.3450;61.79
#i480;s09;geo020s09a0118v01;prak>i;vel;ejective;2;0.2851;81.8;-1;i;0.3468;84.37;-1;0.2006;35.93
#i481;s09;geo020s09a0119v01;p>aradi;lab;ejective;1;0.5161;148.07;0;a;0.7089;172.45;0;0.3955;70.83
#i482;s09;geo020s09a0119v02;papuk>i;lab;plain;1;0.5260;150.89;0;a;0.4872;118.52;-1;0.3398;60.85
#i483;s09;geo020s09a0119v02;papuk>i;lab;plain;2;0.4599;131.95;-1;u;0.4173;101.51;-1;0.2470;44.23
#i484;s09;geo020s09a0119v02;papuk>i;vel;ejective;2;0.4155;119.2;0;i;0.5678;138.14;-1;0.2430;43.51
#i485;s09;geo020s09a0120v01;papuk>i;lab;plain;1;0.4742;136.03;0;a;0.4279;104.11;-1;0.2938;52.61
#i486;s09;geo020s09a0120v01;papuk>i;lab;plain;2;0.3709;106.41;-1;u;0.2127;51.75;0;0.1022;18.31
#i487;s09;geo020s09a0120v01;papuk>i;vel;ejective;2;0.3252;93.3;0;i;0.3095;75.29;-1;0.1265;22.65
#i488;s09;geo020s09a0120v02;papuk>i;lab;plain;1;0.4884;140.12;0;a;0.4348;105.79;-1;0.3055;54.71
#i489;s09;geo020s09a0120v02;papuk>i;lab;plain;2;0.5533;158.73;-1;u;0.3817;92.87;0;0.5186;92.87
#i490;s09;geo020s09a0120v02;papuk>i;vel;ejective;2;0.3558;102.08;-1;i;0.6669;162.24;-1;0.1837;32.89
#i491;s09;geo020s09a0121v01;t>ari;cor;ejective;1;0.4943;141.81;0;a;0.8326;202.55;-1;0.3625;64.92
#i492;s09;geo020s09a0126v01;t>k>ip>a;lab;ejective;2;0.3155;90.51;0;a;0.3672;89.34;-1;0.1375;24.62
#i493;s09;geo020s09a0126v02;t>k>ip>a;lab;ejective;2;0.5267;151.1;0;a;0.9200;223.82;0;0.3901;69.86
#i494;s09;geo020s09a0127v01;pot>o;lab;plain;1;0.6710;192.51;0;o;0.6042;146.98;-1;0.5364;96.06
#i495;s09;geo020s09a0127v01;pot>o;cor;ejective;2;0.3605;103.42;0;o;0.3836;93.33;-1;0.1638;29.34
#i496;s09;geo020s09a0127v02;p>at>aj\i;lab;ejective;1;0.6910;198.23;0;a;0.6582;160.12;-1;0.4717;84.47
#i497;s09;geo020s09a0127v02;p>at>aj\i;cor;ejective;2;0.4380;125.66;0;a;0.6560;159.59;-1;0.2988;53.51
#i498;s09;geo020s09a0128v01;p>at>aj\i;lab;ejective;1;0.5373;154.14;0;a;0.4942;120.24;-1;0.3336;59.74
#i499;s09;geo020s09a0128v01;p>at>aj\i;cor;ejective;2;0.3664;105.1;0;a;0.4636;112.79;-1;0.1873;33.54
#i500;s09;geo020s09a0128v02;p>at>aj\i;lab;ejective;1;0.4909;140.82;0;a;0.4597;111.84;-1;0.3216;57.6
#i501;s09;geo020s09a0128v02;p>at>aj\i;cor;ejective;2;0.3696;106.04;0;a;0.5258;127.92;-1;0.2092;37.46
#i502;s09;geo020s09a0129v01;t>abeli;cor;ejective;1;0.6032;173.06;0;a;0.6914;168.2;-1;0.4881;87.4
#i503;s09;geo020s09a0133v01;p>alt>o;lab;ejective;1;0.4346;124.69;0;a;0.6137;149.29;-1;0.2944;52.72
#i504;s09;geo020s09a0135v02;kert>li;vel;plain;1;0.6410;183.9;-1;e;0.6127;149.05;-1;0.4414;79.05
#i505;s09;geo020s09a0136v01;kert>li;vel;plain;1;0.4881;140.03;-1;e;0.6493;157.95;-1;0.4193;75.08
#i506;s09;geo020s09a0136v02;kert>li;vel;plain;1;0.4739;135.96;-1;e;0.5312;129.23;-1;0.4232;75.79
#i507;s09;geo020s09a0137v01;p>ak>et>i;lab;ejective;1;0.4852;139.19;0;a;0.5545;134.89;0;0.3713;66.49
#i508;s09;geo020s09a0137v01;p>ak>et>i;vel;ejective;2;0.3615;103.7;-1;e;0.4115;100.12;-1;0.2480;44.42
#i509;s09;geo020s09a0137v01;p>ak>et>i;cor;ejective;2;0.4970;142.58;0;i;0.3108;75.6;0;0.3756;67.27
#i510;s09;geo020s09a0139v01;t>eva;cor;ejective;1;0.6049;173.54;0;e;0.6578;160.04;-1;0.4348;77.86
#i511;s09;geo020s09a0141v01;pakt>i;lab;plain;1;0.5555;159.35;-1;a;0.6183;150.42;-1;0.3965;71
#i512;s09;geo020s09a0142v01;k>aba;vel;ejective;1;0.5383;154.42;0;a;0.6570;159.83;-1;0.4150;74.31
#i513;s09;geo020s09a0142v02;k>aba;vel;ejective;1;0.4769;136.81;0;a;0.5766;140.27;-1;0.4014;71.89
#i514;s09;geo020s09a0143v02;k>arada;vel;ejective;1;0.4415;126.66;0;a;0.6279;152.75;-1;0.3307;59.22
#i515;s09;geo020s09a0144v01;k>arada;vel;ejective;1;0.4179;119.88;0;a;0.6054;147.27;-1;0.3596;64.4
#i516;s09;geo020s09a0144v02;k>arada;vel;ejective;1;0.3627;104.04;0;a;0.5319;129.39;-1;0.3416;61.17
#i517;s09;geo020s09a0145v01;k>rit>ik>a;cor;ejective;2;0.3256;93.41;-1;i;0.3217;78.26;-1;0.1181;21.15
#i518;s09;geo020s09a0145v01;k>rit>ik>a;vel;ejective;2;0.2914;83.61;0;a;0.4748;115.5;-1;0.1450;25.96
#i519;s09;geo020s09a0146v02;pxek>a;vel;ejective;2;0.2350;67.43;-1;a;0.5078;123.54;-1;0.0481;8.61
#i520;s09;geo020s09a0148v01;t>ekst>i;cor;ejective;1;0.5553;159.31;0;e;0.4947;120.34;-1;0.2702;48.39
#i521;s09;geo020s09a0148v02;t>ekst>i;cor;ejective;1;0.4915;141;0;e;0.4476;108.88;-1;0.3155;56.5
#i522;s09;geo020s09a0149v01;t>ani;cor;ejective;1;0.4870;139.7;0;a;0.6608;160.75;-1;0.3477;62.27
#i523;s09;geo020s09a0153v02;k>ak>ali;vel;ejective;1;0.4475;128.37;0;a;0.4751;115.59;-1;0.3654;65.44
#i524;s09;geo020s09a0153v02;k>ak>ali;vel;ejective;2;0.4500;129.1;-1;a;0.4411;107.3;0;0.3529;63.2
#i525;s09;geo020s09a0154v01;k>ak>ali;vel;ejective;1;0.4634;132.95;0;a;0.5152;125.35;-1;0.3328;59.59
#i526;s09;geo020s09a0154v01;k>ak>ali;vel;ejective;2;0.2569;73.7;0;a;0.4048;98.49;-1;0.0957;17.13
#i527;s09;geo020s09a0154v02;k>ak>ali;vel;ejective;1;0.3140;90.08;-1;a;0.4721;114.86;-1;0.2473;44.29
#i528;s09;geo020s09a0154v02;k>ak>ali;vel;ejective;2;0.2688;77.12;0;a;0.4417;107.45;-1;0.1908;34.16
#i529;s09;geo020s09a0155v02;k>amera;vel;ejective;1;0.6031;173.02;0;a;0.5444;132.44;-1;0.4786;85.71
#i530;s09;geo020s09a0156v01;k>amera;vel;ejective;1;0.5268;151.12;0;a;0.6130;149.12;-1;0.4869;87.2
#i531;s09;geo020s09a0156v02;k>amera;vel;ejective;1;0.4203;120.58;-1;a;0.4661;113.39;-1;0.3582;64.15
#i532;s09;geo020s09a0158v01;p>akt>i;lab;ejective;1;0.4509;129.34;0;a;0.3934;95.7;-1;0.1775;31.79
#i533;s09;geo020s09a0158v02;p>akt>i;lab;ejective;1;0.5743;164.75;0;a;0.4865;118.35;0;0.3100;55.52
#i534;s09;geo020s09a0159v01;t>it>uli;cor;ejective;1;0.3686;105.75;-1;i;0.3943;95.93;-1;0.2063;36.94
#i535;s09;geo020s09a0159v01;t>it>uli;cor;ejective;2;0.3416;97.99;-1;u;0.4533;110.29;-1;0.1431;25.62
#i536;s09;geo020s09a0161v02;k>enk>ra;vel;ejective;1;0.5340;153.19;0;e;0.6427;156.35;-1;0.5313;95.15
#i537;s09;geo020s09a0162v01;k>enk>ra;vel;ejective;1;0.4258;122.15;0;e;0.6069;147.64;-1;0.3450;61.78
#i538;s09;geo020s09a0162v02;k>enk>ra;vel;ejective;1;0.4386;125.83;0;e;0.4921;119.71;0;0.3837;68.71
#i539;s09;geo020s09a0163v01;p>ilot>i;lab;ejective;1;0.5775;165.66;0;i;0.5349;130.12;-1;0.3339;59.8
#i540;s09;geo020s09a0163v01;p>ilot>i;cor;ejective;2;0.4923;141.23;0;i;0.4557;110.87;-1;0.3261;58.39
#i541;s09;geo020s09a0167v01;k>ak>abi;vel;ejective;1;0.4338;124.45;0;a;0.5593;136.07;-1;0.3434;61.5
#i542;s09;geo020s09a0167v01;k>ak>abi;vel;ejective;2;0.2954;84.74;0;a;0.5239;127.46;-1;0.1860;33.31
#i543;s09;geo020s09a0170v02;rat>avi;cor;ejective;2;0.5114;146.7;0;a;0.5825;141.72;-1;0.3780;67.7
#i544;s09;geo020s09a0174v01;k>ak>ao;vel;ejective;1;0.4633;132.92;0;a;0.5033;122.45;-1;0.3862;69.16
#i545;s09;geo020s09a0174v01;k>ak>ao;vel;ejective;2;0.4374;125.47;0;a;0.4708;114.54;-1;0.3056;54.72
#i546;s09;geo020s09a0174v02;k>ak>ao;vel;ejective;1;0.1824;52.34;-1;a;0.4659;113.34;-1;0.1709;30.6
#i547;s09;geo020s09a0174v02;k>ak>ao;vel;ejective;2;0.3844;110.27;0;a;0.5227;127.16;-1;0.2410;43.15
#i548;s09;geo020s09a0175v01;t>erori;cor;ejective;1;0.5258;150.84;0;e;0.6649;161.76;-1;0.3635;65.1
#i549;s09;geo020s09a0179v02;q>lup>i;lab;ejective;2;0.4560;130.83;0;i;0.7015;170.66;-1;0.2728;48.85
#i550;s09;geo020s09a0180v01;q>lup>i;lab;ejective;2;0.3146;90.26;-1;i;0.3350;81.51;0;0.1166;20.88
#i551;s09;geo020s09a0181v01;t>ank>i;cor;ejective;1;0.7251;208.03;0;a;0.7241;176.15;-1;0.5025;89.99
#i552;s09;geo020s09a0182v01;k>ala;vel;ejective;1;0.5862;168.16;0;a;0.6488;157.85;-1;0.4318;77.32
#i553;s09;geo020s09a0182v02;k>ala;vel;ejective;1;0.4770;136.84;0;a;0.5768;140.32;-1;0.4103;73.47
#i554;s09;geo020s09a0183v02;t>emp>o;cor;ejective;1;0.6510;186.77;0;e;0.7504;182.55;-1;0.5073;90.85
#i555;s09;geo020s09a0184v01;t>emp>o;cor;ejective;1;0.6240;179.01;0;e;0.5956;144.89;-1;0.4535;81.21
#i556;s09;geo020s09a0184v02;t>emp>o;cor;ejective;1;0.5515;158.21;0;e;0.5973;145.3;-1;0.4489;80.39
#i557;s09;geo020s09a0189v01;korts>ili;vel;plain;1;0.6050;173.57;-1;o;0.5878;142.99;-1;0.5149;92.21
#i558;s09;geo020s09a0190v01;t>omi;cor;ejective;1;0.5831;167.28;0;o;0.5111;124.35;-1;0.3336;59.74
#i559;s09;geo020s09a0192v01;p>api;lab;ejective;1;0.5748;164.91;0;a;0.6027;146.63;-1;0.3596;64.4
#i560;s09;geo020s09a0192v01;p>api;lab;plain;2;0.7131;204.57;-1;i;0.6808;165.62;-1;0.5768;103.3
#i561;s09;geo020s09a0192v02;p>api;lab;ejective;1;0.4015;115.18;0;a;0.4425;107.66;-1;0.2272;40.69
#i562;s09;geo020s09a0192v02;p>api;lab;plain;2;0.6410;183.88;-1;i;0.9610;233.78;-1;0.5371;96.19
#i563;s09;geo020s09a0193v01;k>vart>et>i;cor;ejective;2;0.3575;102.55;-1;i;0.3331;81.04;-1;0.1045;18.71
#i564;s09;geo020s09a0194v01;p>at>ara;lab;ejective;1;0.4511;129.4;0;a;0.4864;118.34;0;0.2886;51.68
#i565;s09;geo020s09a0194v01;p>at>ara;cor;ejective;2;0.2775;79.61;0;a;0.3977;96.76;-1;0.1243;22.26
#i566;s09;geo020s09a0194v02;p>at>ara;lab;ejective;1;0.3875;111.17;0;a;0.3851;93.68;0;0.2199;39.38
#i567;s09;geo020s09a0194v02;p>at>ara;cor;ejective;2;0.3149;90.35;0;a;0.4224;102.75;-1;0.1124;20.12
#i568;s09;geo020s09a0195v01;t>abak>a;cor;ejective;1;0.7878;225.99;0;a;0.6493;157.95;-1;0.5147;92.18
#i569;s09;geo020s09a0195v01;t>abak>a;vel;ejective;2;0.3873;111.11;0;a;0.4177;101.63;0;0.2191;39.23
#i570;s09;geo020s09a0197v01;p>ark>et>i;lab;ejective;1;0.4587;131.59;0;a;0.5231;127.27;-1;0.2329;41.7
#i571;s09;geo020s09a0197v01;p>ark>et>i;cor;ejective;2;0.3268;93.75;-1;i;0.3211;78.12;-1;0.1365;24.44
#i572;s09;geo020s09a0197v02;p>iri;lab;ejective;1;0.7677;220.23;0;i;0.7782;189.33;-1;0.6007;107.58
#i573;s09;geo020s09a0198v01;p>iri;lab;ejective;1;0.4763;136.64;0;i;0.5343;129.98;-1;0.3237;57.97
#i574;s09;geo020s09a0198v02;p>iri;lab;ejective;1;0.5834;167.38;0;i;0.6301;153.28;-1;0.4798;85.92
#i575;s09;geo020s09a0199v02;k>at>a;vel;ejective;1;0.5107;146.52;0;a;0.5283;128.53;0;0.3707;66.39
#i576;s09;geo020s09a0199v02;k>at>a;cor;ejective;2;0.3333;95.63;0;a;0.3755;91.35;-1;0.1011;18.1
#i577;s09;geo020s09a0200v01;k>at>a;vel;ejective;1;0.5151;147.76;0;a;0.5297;128.86;-1;0.4201;75.23
#i578;s09;geo020s09a0200v01;k>at>a;cor;ejective;2;0.2957;84.83;0;a;0.3250;79.07;-1;0.1404;25.15
#i579;s09;geo020s09a0200v02;k>at>a;vel;ejective;1;0.4960;142.3;0;a;0.4636;112.79;-1;0.4071;72.91
#i580;s09;geo020s09a0200v02;k>at>a;cor;ejective;2;0.3399;97.52;0;a;0.3732;90.78;-1;0.0932;16.69
#i581;s09;geo020s09a0201v01;p>ats>ia;lab;ejective;1;0.6504;186.6;0;a;0.5155;125.41;-1;0.3961;70.93
#i582;s09;geo020s09a0202v01;k>ek>letsi;vel;ejective;1;0.5102;146.36;0;e;0.4664;113.46;-1;0.3706;66.37
#i583;s09;geo020s09a0202v02;k>ek>letsi;vel;ejective;1;0.5252;150.67;0;e;0.4672;113.65;-1;0.3638;65.15
#i584;s09;geo020s09a0203v01;p>ark>i;lab;ejective;1;0.5569;159.75;0;a;0.6375;155.08;-1;0.4203;75.27
#i585;s09;geo020s09a0206v01;k>ep>va;vel;ejective;1;0.4751;136.3;0;e;0.4399;107.03;-1;0.2545;45.57
#i586;s09;geo020s09a0206v02;k>ep>va;vel;ejective;1;0.5583;160.16;0;e;0.4537;110.37;0;0.4013;71.87
#i587;s09;geo020s09a0207v02;post>a;lab;plain;1;0.7212;206.9;0;o;0.5384;130.99;-1;0.5313;95.15
#i588;s09;geo020s09a0208v01;post>a;lab;plain;1;0.6654;190.9;0;o;0.5772;140.43;-1;0.4949;88.63
#i589;s09;geo020s09a0208v02;post>a;lab;plain;1;0.4271;122.53;0;o;0.4732;115.12;-1;0.2393;42.86
#i590;s09;geo020s09a0209v01;k>ap>ela;vel;ejective;1;0.5521;158.38;0;a;0.5314;129.27;-1;0.4086;73.17
#i591;s09;geo020s09a0209v01;k>ap>ela;lab;ejective;2;0.4228;121.29;0;e;0.3076;74.83;-1;0.1826;32.7
#i592;s09;geo020s09a0211v01;k>akt>usi;vel;ejective;1;0.5693;163.32;0;a;0.5234;127.33;-1;0.2331;41.74
#i593;s09;geo020s09a0213v01;Cap>it>o;lab;ejective;2;0.4192;120.25;0;i;0.2999;72.97;-1;0.1960;35.1
#i594;s09;geo020s09a0213v01;Cap>it>o;cor;ejective;2;0.6914;198.34;0;o;0.4404;107.14;0;0.6006;107.56
#i595;s09;geo020s09a0216v01;tok>i;cor;plain;1;0.8521;244.44;-1;o;0.5963;145.07;-1;0.5515;98.76
#i596;s09;geo020s09a0216v01;tok>i;vel;ejective;2;0.3770;108.14;0;i;0.3072;74.74;-1;0.1469;26.3
#i597;s09;geo020s09a0220v01;t>areba;cor;ejective;1;0.5720;164.09;0;a;0.6913;168.18;-1;0.5057;90.56
#i598;s09;geo020s09a0220v02;t>areba;cor;ejective;1;0.5290;151.77;0;a;0.6201;150.86;-1;0.3323;59.5
#i599;s09;geo020s09a0221v01;rit>ini;cor;ejective;2;0.4226;121.23;-1;i;0.4574;111.28;-1;0.2206;39.5
#i600;s09;geo020s09a0221v02;p>aseki;lab;ejective;1;0.5752;165;0;a;0.4961;120.69;0;0.3814;68.3
#i601;s09;geo020s09a0221v02;p>aseki;vel;plain;2;0.3906;112.06;-1;i;0.5280;128.45;-1;0.2308;41.34
#i602;s09;geo020s09a0222v01;p>aseki;lab;ejective;1;0.4637;133.04;0;a;0.4736;115.21;-1;0.2035;36.44
#i603;s09;geo020s09a0222v01;p>aseki;vel;plain;2;0.4019;115.3;-1;i;0.9813;238.73;-1;0.2461;44.08
#i604;s09;geo020s09a0223v02;p>ets>i;lab;ejective;1;0.6951;199.42;0;e;0.7273;176.94;-1;0.4320;77.36
#i605;s09;geo020s09a0224v01;p>ets>i;lab;ejective;1;0.7223;207.21;0;e;0.7290;177.35;-1;0.4655;83.36
#i606;s09;geo020s09a0224v02;p>ets>i;lab;ejective;1;0.4189;120.16;0;e;0.5083;123.67;-1;0.1962;35.13
#i607;s09;geo020s09a0225v02;k>enit>i;vel;ejective;1;0.8312;238.45;0;e;0.7725;187.94;-1;0.4792;85.82
#i608;s09;geo020s09a0225v02;k>enit>i;cor;ejective;2;0.6999;200.78;0;i;0.4242;103.2;0;0.5826;104.33
#i609;s09;geo020s09a0226v01;k>enit>i;cor;ejective;2;0.4710;135.13;-1;i;0.3791;92.22;0;0.3792;67.9
#i610;s09;geo020s09a0228v01;k>abina;vel;ejective;1;0.3395;97.4;0;a;0.5624;136.81;-1;0.2502;44.8
#i611;s09;geo020s09a0228v02;k>abina;vel;ejective;1;0.3802;109.07;0;a;0.4597;111.83;-1;0.3556;63.68
#i612;s09;geo020s09a0229v01;t>aksi;cor;ejective;1;0.5650;162.08;0;a;0.6486;157.79;-1;0.3729;66.77
#i613;s09;geo020s09a0233v02;putC>i;lab;plain;1;0.7620;218.6;-1;u;0.6860;166.88;-1;0.5874;105.2
#i614;s09;geo020s09a0234v02;putC>i;lab;plain;1;0.3747;107.48;-1;u;0.4992;121.44;-1;0.2622;46.96
#i615;s09;geo020s09a0239v01;teat>ri;cor;plain;1;0.5476;157.09;-1;e;0.6220;151.32;-1;0.3966;71.03
#i616;s09;geo020s09a0239v02;papa;lab;plain;1;0.5009;143.71;-1;a;0.5022;122.18;-1;0.3952;70.78
#i617;s09;geo020s09a0239v02;papa;lab;plain;2;0.4251;121.96;-1;a;0.5799;141.07;-1;0.2544;45.55
#i618;s09;geo020s09a0240v01;papa;lab;plain;1;0.3757;107.79;-1;a;0.5330;129.66;-1;0.1800;32.24
#i619;s09;geo020s09a0240v01;papa;lab;plain;2;0.3360;96.4;-1;a;0.3774;91.82;-1;0.1397;25.02
#i620;s09;geo020s09a0240v02;papa;lab;plain;1;0.3313;95.04;-1;a;0.4806;116.91;-1;0.2372;42.47
#i621;s09;geo020s09a0240v02;papa;lab;plain;2;0.3204;91.91;-1;a;0.6939;168.81;-1;0.2218;39.72
#i622;s09;geo020s09a0241v01;t>ili;cor;ejective;1;0.6547;187.83;0;i;0.8094;196.92;-1;0.4533;81.18
#i623;s09;geo020s09a0241v02;p>ap>a;lab;ejective;1;0.4830;138.56;0;a;0.5253;127.8;-1;0.3033;54.32
#i624;s09;geo020s09a0241v02;p>ap>a;lab;ejective;2;0.4053;116.28;0;a;0.6056;147.34;-1;0.1661;29.74
#i625;s09;geo020s09a0242v01;p>ap>a;lab;ejective;1;0.4320;123.92;0;a;0.5376;130.79;-1;0.2253;40.35
#i626;s09;geo020s09a0242v01;p>ap>a;lab;ejective;2;0.5940;170.42;0;a;0.3365;81.87;0;0.4678;83.78
#i627;s09;geo020s09a0242v02;p>ap>a;lab;ejective;1;0.2879;82.6;0;a;0.3727;90.67;-1;0.1430;25.6
#i628;s09;geo020s09a0242v02;p>ap>a;lab;ejective;2;0.4855;139.29;0;a;0.4979;121.12;-1;0.2933;52.53
